semana,sigla,casos
2020-02-10,AC,1
2020-02-10,AL,2
2020-02-10,AM,1
2020-02-10,CE,4
2020-02-10,MA,1
2020-02-10,MG,1
2020-02-10,MT,1
2020-02-10,SC,2
2020-02-17,AL,2
2020-02-17,BA,4
2020-02-17,CE,7
2020-02-17,MA,1
2020-02-17,MG,6
2020-02-17,MT,5
2020-02-17,PA,1
2020-02-17,PB,2
2020-02-17,PE,1
2020-02-17,RJ,7
2020-02-17,RN,2
2020-02-17,RO,2
2020-02-17,SC,3
2020-02-17,SP,6
2020-02-17,TO,1
2020-02-24,AL,1
2020-02-24,BA,8
2020-02-24,CE,6
2020-02-24,DF,2
2020-02-24,ES,2
2020-02-24,MA,7
2020-02-24,MG,12
2020-02-24,MS,1
2020-02-24,MT,3
2020-02-24,PA,5
2020-02-24,PB,3
2020-02-24,PE,12
2020-02-24,PR,2
2020-02-24,RJ,7
2020-02-24,RN,2
2020-02-24,RO,2
2020-02-24,SC,2
2020-02-24,SE,1
2020-02-24,SP,27
2020-02-24,TO,4
2020-03-02,AL,4
2020-03-02,AP,1
2020-03-02,BA,6
2020-03-02,CE,13
2020-03-02,DF,5
2020-03-02,ES,2
2020-03-02,GO,3
2020-03-02,MA,9
2020-03-02,MG,6
2020-03-02,MS,2
2020-03-02,MT,8
2020-03-02,PA,8
2020-03-02,PB,4
2020-03-02,PE,14
2020-03-02,PI,2
2020-03-02,PR,9
2020-03-02,RJ,29
2020-03-02,RN,1
2020-03-02,RO,1
2020-03-02,RS,2
2020-03-02,SC,5
2020-03-02,SE,2
2020-03-02,SP,155
2020-03-09,AC,3
2020-03-09,AL,4
2020-03-09,AM,15
2020-03-09,BA,16
2020-03-09,CE,43
2020-03-09,DF,9
2020-03-09,ES,7
2020-03-09,GO,13
2020-03-09,MA,12
2020-03-09,MG,35
2020-03-09,MS,7
2020-03-09,MT,15
2020-03-09,PA,16
2020-03-09,PB,3
2020-03-09,PE,58
2020-03-09,PI,6
2020-03-09,PR,18
2020-03-09,RJ,149
2020-03-09,RN,6
2020-03-09,RO,2
2020-03-09,RS,34
2020-03-09,SC,35
2020-03-09,SE,6
2020-03-09,SP,911
2020-03-09,TO,4
2020-03-16,AC,3
2020-03-16,AL,10
2020-03-16,AM,82
2020-03-16,AP,1
2020-03-16,BA,39
2020-03-16,CE,193
2020-03-16,DF,35
2020-03-16,ES,24
2020-03-16,GO,23
2020-03-16,MA,38
2020-03-16,MG,95
2020-03-16,MS,17
2020-03-16,MT,31
2020-03-16,PA,28
2020-03-16,PB,12
2020-03-16,PE,134
2020-03-16,PI,10
2020-03-16,PR,95
2020-03-16,RJ,449
2020-03-16,RN,31
2020-03-16,RO,1
2020-03-16,RR,2
2020-03-16,RS,85
2020-03-16,SC,78
2020-03-16,SE,4
2020-03-16,SP,2346
2020-03-16,TO,1
2020-03-23,AC,6
2020-03-23,AL,7
2020-03-23,AM,255
2020-03-23,AP,5
2020-03-23,BA,36
2020-03-23,CE,272
2020-03-23,DF,31
2020-03-23,ES,34
2020-03-23,GO,31
2020-03-23,MA,83
2020-03-23,MG,121
2020-03-23,MS,14
2020-03-23,MT,59
2020-03-23,PA,69
2020-03-23,PB,17
2020-03-23,PE,230
2020-03-23,PI,11
2020-03-23,PR,106
2020-03-23,RJ,823
2020-03-23,RN,28
2020-03-23,RO,6
2020-03-23,RR,2
2020-03-23,RS,103
2020-03-23,SC,84
2020-03-23,SE,11
2020-03-23,SP,3180
2020-03-23,TO,2
2020-03-30,AC,11
2020-03-30,AL,20
2020-03-30,AM,536
2020-03-30,AP,9
2020-03-30,BA,68
2020-03-30,CE,421
2020-03-30,DF,35
2020-03-30,ES,77
2020-03-30,GO,42
2020-03-30,MA,213
2020-03-30,MG,109
2020-03-30,MS,19
2020-03-30,MT,57
2020-03-30,PA,252
2020-03-30,PB,45
2020-03-30,PE,661
2020-03-30,PI,17
2020-03-30,PR,84
2020-03-30,RJ,1564
2020-03-30,RN,36
2020-03-30,RO,13
2020-03-30,RR,6
2020-03-30,RS,72
2020-03-30,SC,62
2020-03-30,SE,12
2020-03-30,SP,3038
2020-03-30,TO,1
2020-04-06,AC,25
2020-04-06,AL,57
2020-04-06,AM,898
2020-04-06,AP,8
2020-04-06,BA,110
2020-04-06,CE,646
2020-04-06,DF,40
2020-04-06,ES,86
2020-04-06,GO,45
2020-04-06,MA,419
2020-04-06,MG,129
2020-04-06,MS,12
2020-04-06,MT,51
2020-04-06,PA,665
2020-04-06,PB,66
2020-04-06,PE,1339
2020-04-06,PI,30
2020-04-06,PR,64
2020-04-06,RJ,2362
2020-04-06,RN,43
2020-04-06,RO,21
2020-04-06,RR,3
2020-04-06,RS,108
2020-04-06,SC,42
2020-04-06,SE,15
2020-04-06,SP,3373
2020-04-06,TO,4
2020-04-13,AC,24
2020-04-13,AL,139
2020-04-13,AM,988
2020-04-13,AP,32
2020-04-13,BA,263
2020-04-13,CE,1125
2020-04-13,DF,53
2020-04-13,ES,112
2020-04-13,GO,42
2020-04-13,MA,519
2020-04-13,MG,109
2020-04-13,MS,13
2020-04-13,MT,42
2020-04-13,PA,1200
2020-04-13,PB,108
2020-04-13,PE,1766
2020-04-13,PI,74
2020-04-13,PR,80
2020-04-13,RJ,3297
2020-04-13,RN,63
2020-04-13,RO,50
2020-04-13,RR,7
2020-04-13,RS,164
2020-04-13,SC,59
2020-04-13,SE,22
2020-04-13,SP,4586
2020-04-13,TO,6
2020-04-20,AC,45
2020-04-20,AL,242
2020-04-20,AM,1108
2020-04-20,AP,64
2020-04-20,BA,272
2020-04-20,CE,1721
2020-04-20,DF,69
2020-04-20,ES,164
2020-04-20,GO,64
2020-04-20,MA,634
2020-04-20,MG,162
2020-04-20,MS,10
2020-04-20,MT,88
2020-04-20,PA,1659
2020-04-20,PB,238
2020-04-20,PE,2193
2020-04-20,PI,115
2020-04-20,PR,89
2020-04-20,RJ,4203
2020-04-20,RN,101
2020-04-20,RO,74
2020-04-20,RR,21
2020-04-20,RS,259
2020-04-20,SC,83
2020-04-20,SE,47
2020-04-20,SP,5404
2020-04-20,TO,32
2020-04-27,AC,59
2020-04-27,AL,384
2020-04-27,AM,1187
2020-04-27,AP,100
2020-04-27,BA,440
2020-04-27,CE,2525
2020-04-27,DF,137
2020-04-27,ES,242
2020-04-27,GO,110
2020-04-27,MA,795
2020-04-27,MG,277
2020-04-27,MS,18
2020-04-27,MT,175
2020-04-27,PA,1825
2020-04-27,PB,367
2020-04-27,PE,2268
2020-04-27,PI,147
2020-04-27,PR,129
2020-04-27,RJ,4517
2020-04-27,RN,176
2020-04-27,RO,97
2020-04-27,RR,32
2020-04-27,RS,211
2020-04-27,SC,86
2020-04-27,SE,105
2020-04-27,SP,5996
2020-04-27,TO,56
2020-05-04,AC,96
2020-05-04,AL,516
2020-05-04,AM,1028
2020-05-04,AP,112
2020-05-04,BA,580
2020-05-04,CE,2577
2020-05-04,DF,207
2020-05-04,ES,310
2020-05-04,GO,132
2020-05-04,MA,796
2020-05-04,MG,338
2020-05-04,MS,23
2020-05-04,MT,359
2020-05-04,PA,1850
2020-05-04,PB,501
2020-05-04,PE,2277
2020-05-04,PI,206
2020-05-04,PR,160
2020-05-04,RJ,4071
2020-05-04,RN,224
2020-05-04,RO,112
2020-05-04,RR,47
2020-05-04,RS,268
2020-05-04,SC,101
2020-05-04,SE,129
2020-05-04,SP,6601
2020-05-04,TO,76
2020-05-11,AC,125
2020-05-11,AL,523
2020-05-11,AM,697
2020-05-11,AP,97
2020-05-11,BA,760
2020-05-11,CE,1977
2020-05-11,DF,267
2020-05-11,ES,363
2020-05-11,GO,174
2020-05-11,MA,569
2020-05-11,MG,384
2020-05-11,MS,53
2020-05-11,MT,623
2020-05-11,PA,1319
2020-05-11,PB,518
2020-05-11,PE,2062
2020-05-11,PI,269
2020-05-11,PR,225
2020-05-11,RJ,3365
2020-05-11,RN,295
2020-05-11,RO,129
2020-05-11,RR,61
2020-05-11,RS,260
2020-05-11,SC,133
2020-05-11,SE,129
2020-05-11,SP,6887
2020-05-11,TO,90
2020-05-18,AC,85
2020-05-18,AL,528
2020-05-18,AM,560
2020-05-18,AP,110
2020-05-18,BA,901
2020-05-18,CE,1484
2020-05-18,DF,334
2020-05-18,ES,407
2020-05-18,GO,191
2020-05-18,MA,540
2020-05-18,MG,530
2020-05-18,MS,68
2020-05-18,MT,983
2020-05-18,PA,1079
2020-05-18,PB,601
2020-05-18,PE,1645
2020-05-18,PI,312
2020-05-18,PR,282
2020-05-18,RJ,2616
2020-05-18,RN,374
2020-05-18,RO,158
2020-05-18,RR,113
2020-05-18,RS,269
2020-05-18,SC,175
2020-05-18,SE,195
2020-05-18,SP,6498
2020-05-18,TO,71
2020-05-25,AC,77
2020-05-25,AL,472
2020-05-25,AM,435
2020-05-25,AP,101
2020-05-25,BA,931
2020-05-25,CE,1134
2020-05-25,DF,419
2020-05-25,ES,383
2020-05-25,GO,267
2020-05-25,MA,371
2020-05-25,MG,678
2020-05-25,MS,63
2020-05-25,MT,1150
2020-05-25,PA,752
2020-05-25,PB,512
2020-05-25,PE,1338
2020-05-25,PI,340
2020-05-25,PR,452
2020-05-25,RJ,1950
2020-05-25,RN,399
2020-05-25,RO,196
2020-05-25,RR,107
2020-05-25,RS,279
2020-05-25,SC,156
2020-05-25,SE,200
2020-05-25,SP,6320
2020-05-25,TO,108
2020-06-01,AC,103
2020-06-01,AL,492
2020-06-01,AM,498
2020-06-01,AP,100
2020-06-01,BA,1081
2020-06-01,CE,1142
2020-06-01,DF,624
2020-06-01,ES,454
2020-06-01,GO,444
2020-06-01,MA,352
2020-06-01,MG,1164
2020-06-01,MS,129
2020-06-01,MT,1522
2020-06-01,PA,806
2020-06-01,PB,473
2020-06-01,PE,1234
2020-06-01,PI,504
2020-06-01,PR,637
2020-06-01,RJ,1900
2020-06-01,RN,534
2020-06-01,RO,253
2020-06-01,RR,109
2020-06-01,RS,444
2020-06-01,SC,266
2020-06-01,SE,281
2020-06-01,SP,7037
2020-06-01,TO,122
2020-06-08,AC,67
2020-06-08,AL,412
2020-06-08,AM,367
2020-06-08,AP,58
2020-06-08,BA,1012
2020-06-08,CE,1044
2020-06-08,DF,695
2020-06-08,ES,423
2020-06-08,GO,528
2020-06-08,MA,298
2020-06-08,MG,1410
2020-06-08,MS,186
2020-06-08,MT,1949
2020-06-08,PA,684
2020-06-08,PB,420
2020-06-08,PE,1042
2020-06-08,PI,538
2020-06-08,PR,839
2020-06-08,RJ,1476
2020-06-08,RN,482
2020-06-08,RO,233
2020-06-08,RR,105
2020-06-08,RS,578
2020-06-08,SC,335
2020-06-08,SE,362
2020-06-08,SP,6629
2020-06-08,TO,95
2020-06-15,AC,56
2020-06-15,AL,373
2020-06-15,AM,350
2020-06-15,AP,54
2020-06-15,BA,1015
2020-06-15,CE,905
2020-06-15,DF,820
2020-06-15,ES,400
2020-06-15,GO,801
2020-06-15,MA,278
2020-06-15,MG,1799
2020-06-15,MS,186
2020-06-15,MT,2505
2020-06-15,PA,626
2020-06-15,PB,404
2020-06-15,PE,959
2020-06-15,PI,568
2020-06-15,PR,1010
2020-06-15,RJ,1407
2020-06-15,RN,444
2020-06-15,RO,233
2020-06-15,RR,83
2020-06-15,RS,765
2020-06-15,SC,508
2020-06-15,SE,425
2020-06-15,SP,6441
2020-06-15,TO,104
2020-06-22,AC,65
2020-06-22,AL,229
2020-06-22,AM,311
2020-06-22,AP,32
2020-06-22,BA,907
2020-06-22,CE,721
2020-06-22,DF,823
2020-06-22,ES,367
2020-06-22,GO,905
2020-06-22,MA,204
2020-06-22,MG,1861
2020-06-22,MS,211
2020-06-22,MT,1979
2020-06-22,PA,447
2020-06-22,PB,384
2020-06-22,PE,849
2020-06-22,PI,474
2020-06-22,PR,985
2020-06-22,RJ,1216
2020-06-22,RN,335
2020-06-22,RO,214
2020-06-22,RR,68
2020-06-22,RS,815
2020-06-22,SC,546
2020-06-22,SE,392
2020-06-22,SP,6039
2020-06-22,TO,107
2020-06-29,AC,65
2020-06-29,AL,311
2020-06-29,AM,318
2020-06-29,AP,44
2020-06-29,BA,1113
2020-06-29,CE,722
2020-06-29,DF,980
2020-06-29,ES,278
2020-06-29,GO,1123
2020-06-29,MA,201
2020-06-29,MG,2171
2020-06-29,MS,344
2020-06-29,MT,1667
2020-06-29,PA,525
2020-06-29,PB,414
2020-06-29,PE,931
2020-06-29,PI,507
2020-06-29,PR,1227
2020-06-29,RJ,1372
2020-06-29,RN,322
2020-06-29,RO,218
2020-06-29,RR,70
2020-06-29,RS,1000
2020-06-29,SC,856
2020-06-29,SE,469
2020-06-29,SP,7219
2020-06-29,TO,121
2020-07-06,AC,58
2020-07-06,AL,214
2020-07-06,AM,292
2020-07-06,AP,45
2020-07-06,BA,1097
2020-07-06,CE,649
2020-07-06,DF,927
2020-07-06,ES,239
2020-07-06,GO,1078
2020-07-06,MA,169
2020-07-06,MG,2032
2020-07-06,MS,348
2020-07-06,MT,1048
2020-07-06,PA,476
2020-07-06,PB,368
2020-07-06,PE,955
2020-07-06,PI,472
2020-07-06,PR,1351
2020-07-06,RJ,1273
2020-07-06,RN,263
2020-07-06,RO,232
2020-07-06,RR,58
2020-07-06,RS,1241
2020-07-06,SC,1007
2020-07-06,SE,435
2020-07-06,SP,6988
2020-07-06,TO,169
2020-07-13,AC,37
2020-07-13,AL,177
2020-07-13,AM,270
2020-07-13,AP,29
2020-07-13,BA,1048
2020-07-13,CE,579
2020-07-13,DF,962
2020-07-13,ES,214
2020-07-13,GO,930
2020-07-13,MA,139
2020-07-13,MG,1967
2020-07-13,MS,389
2020-07-13,MT,801
2020-07-13,PA,447
2020-07-13,PB,327
2020-07-13,PE,919
2020-07-13,PI,357
2020-07-13,PR,1137
2020-07-13,RJ,1245
2020-07-13,RN,197
2020-07-13,RO,197
2020-07-13,RR,47
2020-07-13,RS,1245
2020-07-13,SC,1115
2020-07-13,SE,361
2020-07-13,SP,6172
2020-07-13,TO,146
2020-07-20,AC,53
2020-07-20,AL,153
2020-07-20,AM,254
2020-07-20,AP,40
2020-07-20,BA,828
2020-07-20,CE,525
2020-07-20,DF,988
2020-07-20,ES,197
2020-07-20,GO,1115
2020-07-20,MA,123
2020-07-20,MG,1882
2020-07-20,MS,410
2020-07-20,MT,654
2020-07-20,PA,401
2020-07-20,PB,335
2020-07-20,PE,771
2020-07-20,PI,304
2020-07-20,PR,1107
2020-07-20,RJ,1365
2020-07-20,RN,177
2020-07-20,RO,241
2020-07-20,RR,40
2020-07-20,RS,1248
2020-07-20,SC,1044
2020-07-20,SE,280
2020-07-20,SP,5773
2020-07-20,TO,158
2020-07-27,AC,46
2020-07-27,AL,120
2020-07-27,AM,289
2020-07-27,AP,35
2020-07-27,BA,802
2020-07-27,CE,441
2020-07-27,DF,928
2020-07-27,ES,169
2020-07-27,GO,1177
2020-07-27,MA,131
2020-07-27,MG,1615
2020-07-27,MS,483
2020-07-27,MT,575
2020-07-27,PA,413
2020-07-27,PB,300
2020-07-27,PE,594
2020-07-27,PI,264
2020-07-27,PR,1176
2020-07-27,RJ,1326
2020-07-27,RN,139
2020-07-27,RO,223
2020-07-27,RR,29
2020-07-27,RS,1268
2020-07-27,SC,815
2020-07-27,SE,221
2020-07-27,SP,5416
2020-07-27,TO,199
2020-08-03,AC,38
2020-08-03,AL,103
2020-08-03,AM,209
2020-08-03,AP,43
2020-08-03,BA,682
2020-08-03,CE,418
2020-08-03,DF,800
2020-08-03,ES,153
2020-08-03,GO,1096
2020-08-03,MA,123
2020-08-03,MG,1610
2020-08-03,MS,355
2020-08-03,MT,542
2020-08-03,PA,322
2020-08-03,PB,265
2020-08-03,PE,477
2020-08-03,PI,270
2020-08-03,PR,1076
2020-08-03,RJ,1269
2020-08-03,RN,113
2020-08-03,RO,207
2020-08-03,RR,30
2020-08-03,RS,1205
2020-08-03,SC,708
2020-08-03,SE,140
2020-08-03,SP,4820
2020-08-03,TO,222
2020-08-10,AC,34
2020-08-10,AL,89
2020-08-10,AM,277
2020-08-10,AP,48
2020-08-10,BA,752
2020-08-10,CE,417
2020-08-10,DF,805
2020-08-10,ES,151
2020-08-10,GO,1211
2020-08-10,MA,120
2020-08-10,MG,1745
2020-08-10,MS,426
2020-08-10,MT,664
2020-08-10,PA,375
2020-08-10,PB,224
2020-08-10,PE,461
2020-08-10,PI,316
2020-08-10,PR,1089
2020-08-10,RJ,1385
2020-08-10,RN,102
2020-08-10,RO,244
2020-08-10,RR,17
2020-08-10,RS,1168
2020-08-10,SC,570
2020-08-10,SE,125
2020-08-10,SP,4747
2020-08-10,TO,236
2020-08-17,AC,33
2020-08-17,AL,86
2020-08-17,AM,266
2020-08-17,AP,17
2020-08-17,BA,635
2020-08-17,CE,390
2020-08-17,DF,636
2020-08-17,ES,113
2020-08-17,GO,1249
2020-08-17,MA,100
2020-08-17,MG,1678
2020-08-17,MS,427
2020-08-17,MT,536
2020-08-17,PA,333
2020-08-17,PB,266
2020-08-17,PE,383
2020-08-17,PI,241
2020-08-17,PR,970
2020-08-17,RJ,1345
2020-08-17,RN,70
2020-08-17,RO,179
2020-08-17,RR,15
2020-08-17,RS,1177
2020-08-17,SC,479
2020-08-17,SE,103
2020-08-17,SP,4294
2020-08-17,TO,217
2020-08-24,AC,29
2020-08-24,AL,78
2020-08-24,AM,260
2020-08-24,AP,30
2020-08-24,BA,477
2020-08-24,CE,286
2020-08-24,DF,509
2020-08-24,ES,106
2020-08-24,GO,971
2020-08-24,MA,88
2020-08-24,MG,1508
2020-08-24,MS,358
2020-08-24,MT,442
2020-08-24,PA,266
2020-08-24,PB,214
2020-08-24,PE,315
2020-08-24,PI,191
2020-08-24,PR,995
2020-08-24,RJ,1482
2020-08-24,RN,82
2020-08-24,RO,148
2020-08-24,RR,20
2020-08-24,RS,1114
2020-08-24,SC,418
2020-08-24,SE,87
2020-08-24,SP,3956
2020-08-24,TO,214
2020-08-31,AC,36
2020-08-31,AL,65
2020-08-31,AM,310
2020-08-31,AP,14
2020-08-31,BA,515
2020-08-31,CE,326
2020-08-31,DF,445
2020-08-31,ES,78
2020-08-31,GO,945
2020-08-31,MA,102
2020-08-31,MG,1613
2020-08-31,MS,356
2020-08-31,MT,462
2020-08-31,PA,254
2020-08-31,PB,204
2020-08-31,PE,326
2020-08-31,PI,225
2020-08-31,PR,1028
2020-08-31,RJ,1596
2020-08-31,RN,69
2020-08-31,RO,152
2020-08-31,RR,14
2020-08-31,RS,999
2020-08-31,SC,311
2020-08-31,SE,119
2020-08-31,SP,3956
2020-08-31,TO,184
2020-09-07,AC,26
2020-09-07,AL,63
2020-09-07,AM,371
2020-09-07,AP,30
2020-09-07,BA,468
2020-09-07,CE,348
2020-09-07,DF,416
2020-09-07,ES,98
2020-09-07,GO,928
2020-09-07,MA,73
2020-09-07,MG,1440
2020-09-07,MS,341
2020-09-07,MT,421
2020-09-07,PA,245
2020-09-07,PB,184
2020-09-07,PE,288
2020-09-07,PI,227
2020-09-07,PR,847
2020-09-07,RJ,1428
2020-09-07,RN,59
2020-09-07,RO,116
2020-09-07,RR,14
2020-09-07,RS,858
2020-09-07,SC,332
2020-09-07,SE,81
2020-09-07,SP,3475
2020-09-07,TO,145
2020-09-14,AC,29
2020-09-14,AL,85
2020-09-14,AM,343
2020-09-14,AP,30
2020-09-14,BA,466
2020-09-14,CE,350
2020-09-14,DF,390
2020-09-14,ES,85
2020-09-14,GO,898
2020-09-14,MA,72
2020-09-14,MG,1365
2020-09-14,MS,346
2020-09-14,MT,424
2020-09-14,PA,251
2020-09-14,PB,191
2020-09-14,PE,240
2020-09-14,PI,203
2020-09-14,PR,793
2020-09-14,RJ,1297
2020-09-14,RN,43
2020-09-14,RO,88
2020-09-14,RR,23
2020-09-14,RS,746
2020-09-14,SC,268
2020-09-14,SE,82
2020-09-14,SP,3308
2020-09-14,TO,137
2020-09-21,AC,15
2020-09-21,AL,49
2020-09-21,AM,316
2020-09-21,AP,28
2020-09-21,BA,420
2020-09-21,CE,296
2020-09-21,DF,364
2020-09-21,ES,100
2020-09-21,GO,666
2020-09-21,MA,49
2020-09-21,MG,1188
2020-09-21,MS,299
2020-09-21,MT,329
2020-09-21,PA,179
2020-09-21,PB,152
2020-09-21,PE,209
2020-09-21,PI,187
2020-09-21,PR,641
2020-09-21,RJ,1109
2020-09-21,RN,36
2020-09-21,RO,65
2020-09-21,RR,19
2020-09-21,RS,774
2020-09-21,SC,254
2020-09-21,SE,91
2020-09-21,SP,2985
2020-09-21,TO,91
2020-09-28,AC,26
2020-09-28,AL,47
2020-09-28,AM,391
2020-09-28,AP,61
2020-09-28,BA,492
2020-09-28,CE,280
2020-09-28,DF,334
2020-09-28,ES,139
2020-09-28,GO,649
2020-09-28,MA,60
2020-09-28,MG,1162
2020-09-28,MS,222
2020-09-28,MT,300
2020-09-28,PA,227
2020-09-28,PB,178
2020-09-28,PE,252
2020-09-28,PI,195
2020-09-28,PR,682
2020-09-28,RJ,1373
2020-09-28,RN,61
2020-09-28,RO,64
2020-09-28,RR,24
2020-09-28,RS,735
2020-09-28,SC,285
2020-09-28,SE,142
2020-09-28,SP,2781
2020-09-28,TO,58
2020-10-05,AC,30
2020-10-05,AL,66
2020-10-05,AM,358
2020-10-05,AP,39
2020-10-05,BA,450
2020-10-05,CE,283
2020-10-05,DF,340
2020-10-05,ES,142
2020-10-05,GO,589
2020-10-05,MA,46
2020-10-05,MG,1036
2020-10-05,MS,217
2020-10-05,MT,275
2020-10-05,PA,234
2020-10-05,PB,175
2020-10-05,PE,225
2020-10-05,PI,211
2020-10-05,PR,616
2020-10-05,RJ,1264
2020-10-05,RN,46
2020-10-05,RO,71
2020-10-05,RR,30
2020-10-05,RS,779
2020-10-05,SC,336
2020-10-05,SE,135
2020-10-05,SP,2580
2020-10-05,TO,65
2020-10-12,AC,29
2020-10-12,AL,59
2020-10-12,AM,309
2020-10-12,AP,71
2020-10-12,BA,458
2020-10-12,CE,259
2020-10-12,DF,271
2020-10-12,ES,115
2020-10-12,GO,463
2020-10-12,MA,50
2020-10-12,MG,830
2020-10-12,MS,156
2020-10-12,MT,212
2020-10-12,PA,198
2020-10-12,PB,178
2020-10-12,PE,316
2020-10-12,PI,193
2020-10-12,PR,617
2020-10-12,RJ,1192
2020-10-12,RN,49
2020-10-12,RO,75
2020-10-12,RR,22
2020-10-12,RS,865
2020-10-12,SC,428
2020-10-12,SE,131
2020-10-12,SP,2447
2020-10-12,TO,52
2020-10-19,AC,34
2020-10-19,AL,66
2020-10-19,AM,346
2020-10-19,AP,83
2020-10-19,BA,392
2020-10-19,CE,269
2020-10-19,DF,216
2020-10-19,ES,164
2020-10-19,GO,328
2020-10-19,MA,51
2020-10-19,MG,802
2020-10-19,MS,144
2020-10-19,MT,179
2020-10-19,PA,255
2020-10-19,PB,186
2020-10-19,PE,342
2020-10-19,PI,203
2020-10-19,PR,602
2020-10-19,RJ,1316
2020-10-19,RN,48
2020-10-19,RO,82
2020-10-19,RR,33
2020-10-19,RS,891
2020-10-19,SC,564
2020-10-19,SE,102
2020-10-19,SP,2566
2020-10-19,TO,35
2020-10-26,AC,38
2020-10-26,AL,47
2020-10-26,AM,326
2020-10-26,AP,104
2020-10-26,BA,391
2020-10-26,CE,288
2020-10-26,DF,189
2020-10-26,ES,154
2020-10-26,GO,280
2020-10-26,MA,50
2020-10-26,MG,875
2020-10-26,MS,162
2020-10-26,MT,129
2020-10-26,PA,235
2020-10-26,PB,187
2020-10-26,PE,443
2020-10-26,PI,182
2020-10-26,PR,743
2020-10-26,RJ,1689
2020-10-26,RN,72
2020-10-26,RO,94
2020-10-26,RR,41
2020-10-26,RS,962
2020-10-26,SC,681
2020-10-26,SE,92
2020-10-26,SP,2697
2020-10-26,TO,52
2020-11-02,AC,54
2020-11-02,AL,56
2020-11-02,AM,276
2020-11-02,AP,81
2020-11-02,BA,455
2020-11-02,CE,292
2020-11-02,DF,200
2020-11-02,ES,171
2020-11-02,GO,284
2020-11-02,MA,62
2020-11-02,MG,1034
2020-11-02,MS,198
2020-11-02,MT,171
2020-11-02,PA,236
2020-11-02,PB,192
2020-11-02,PE,397
2020-11-02,PI,156
2020-11-02,PR,1174
2020-11-02,RJ,1910
2020-11-02,RN,88
2020-11-02,RO,115
2020-11-02,RR,19
2020-11-02,RS,1098
2020-11-02,SC,962
2020-11-02,SE,65
2020-11-02,SP,3482
2020-11-02,TO,50
2020-11-09,AC,56
2020-11-09,AL,99
2020-11-09,AM,360
2020-11-09,AP,74
2020-11-09,BA,558
2020-11-09,CE,352
2020-11-09,DF,244
2020-11-09,ES,184
2020-11-09,GO,266
2020-11-09,MA,70
2020-11-09,MG,1398
2020-11-09,MS,391
2020-11-09,MT,217
2020-11-09,PA,234
2020-11-09,PB,228
2020-11-09,PE,429
2020-11-09,PI,161
2020-11-09,PR,1681
2020-11-09,RJ,2514
2020-11-09,RN,143
2020-11-09,RO,166
2020-11-09,RR,36
2020-11-09,RS,1369
2020-11-09,SC,1251
2020-11-09,SE,110
2020-11-09,SP,4399
2020-11-09,TO,80
2020-11-16,AC,55
2020-11-16,AL,157
2020-11-16,AM,334
2020-11-16,AP,94
2020-11-16,BA,747
2020-11-16,CE,418
2020-11-16,DF,257
2020-11-16,ES,182
2020-11-16,GO,303
2020-11-16,MA,72
2020-11-16,MG,1805
2020-11-16,MS,480
2020-11-16,MT,247
2020-11-16,PA,264
2020-11-16,PB,296
2020-11-16,PE,483
2020-11-16,PI,194
2020-11-16,PR,1797
2020-11-16,RJ,2909
2020-11-16,RN,186
2020-11-16,RO,175
2020-11-16,RR,46
2020-11-16,RS,1475
2020-11-16,SC,1450
2020-11-16,SE,182
2020-11-16,SP,4731
2020-11-16,TO,74
2020-11-23,AC,45
2020-11-23,AL,151
2020-11-23,AM,319
2020-11-23,AP,86
2020-11-23,BA,772
2020-11-23,CE,334
2020-11-23,DF,265
2020-11-23,ES,192
2020-11-23,GO,302
2020-11-23,MA,60
2020-11-23,MG,1906
2020-11-23,MS,595
2020-11-23,MT,269
2020-11-23,PA,268
2020-11-23,PB,261
2020-11-23,PE,463
2020-11-23,PI,149
2020-11-23,PR,1868
2020-11-23,RJ,3093
2020-11-23,RN,163
2020-11-23,RO,173
2020-11-23,RR,44
2020-11-23,RS,1596
2020-11-23,SC,1332
2020-11-23,SE,222
2020-11-23,SP,5012
2020-11-23,TO,76
2020-11-30,AC,50
2020-11-30,AL,201
2020-11-30,AM,444
2020-11-30,AP,106
2020-11-30,BA,1032
2020-11-30,CE,375
2020-11-30,DF,321
2020-11-30,ES,237
2020-11-30,GO,396
2020-11-30,MA,89
2020-11-30,MG,2395
2020-11-30,MS,645
2020-11-30,MT,374
2020-11-30,PA,339
2020-11-30,PB,302
2020-11-30,PE,585
2020-11-30,PI,193
2020-11-30,PR,1954
2020-11-30,RJ,3647
2020-11-30,RN,247
2020-11-30,RO,192
2020-11-30,RR,47
2020-11-30,RS,1705
2020-11-30,SC,1352
2020-11-30,SE,341
2020-11-30,SP,5739
2020-11-30,TO,82
2020-12-07,AC,42
2020-12-07,AL,208
2020-12-07,AM,522
2020-12-07,AP,95
2020-12-07,BA,881
2020-12-07,CE,385
2020-12-07,DF,332
2020-12-07,ES,192
2020-12-07,GO,427
2020-12-07,MA,48
2020-12-07,MG,2245
2020-12-07,MS,563
2020-12-07,MT,366
2020-12-07,PA,370
2020-12-07,PB,260
2020-12-07,PE,555
2020-12-07,PI,183
2020-12-07,PR,1740
2020-12-07,RJ,3283
2020-12-07,RN,215
2020-12-07,RO,165
2020-12-07,RR,38
2020-12-07,RS,1490
2020-12-07,SC,1050
2020-12-07,SE,314
2020-12-07,SP,5339
2020-12-07,TO,91
2020-12-14,AC,50
2020-12-14,AL,241
2020-12-14,AM,871
2020-12-14,AP,78
2020-12-14,BA,798
2020-12-14,CE,375
2020-12-14,DF,330
2020-12-14,ES,188
2020-12-14,GO,408
2020-12-14,MA,74
2020-12-14,MG,2267
2020-12-14,MS,474
2020-12-14,MT,446
2020-12-14,PA,380
2020-12-14,PB,288
2020-12-14,PE,505
2020-12-14,PI,175
2020-12-14,PR,1435
2020-12-14,RJ,2934
2020-12-14,RN,175
2020-12-14,RO,138
2020-12-14,RR,26
2020-12-14,RS,1342
2020-12-14,SC,860
2020-12-14,SE,251
2020-12-14,SP,5614
2020-12-14,TO,88
2020-12-21,AC,46
2020-12-21,AL,246
2020-12-21,AM,1302
2020-12-21,AP,53
2020-12-21,BA,734
2020-12-21,CE,374
2020-12-21,DF,302
2020-12-21,ES,147
2020-12-21,GO,504
2020-12-21,MA,81
2020-12-21,MG,2465
2020-12-21,MS,437
2020-12-21,MT,521
2020-12-21,PA,360
2020-12-21,PB,254
2020-12-21,PE,456
2020-12-21,PI,133
2020-12-21,PR,1432
2020-12-21,RJ,2531
2020-12-21,RN,193
2020-12-21,RO,177
2020-12-21,RR,30
2020-12-21,RS,1268
2020-12-21,SC,842
2020-12-21,SE,295
2020-12-21,SP,6068
2020-12-21,TO,100
2020-12-28,AC,57
2020-12-28,AL,299
2020-12-28,AM,2262
2020-12-28,AP,67
2020-12-28,BA,850
2020-12-28,CE,440
2020-12-28,DF,391
2020-12-28,ES,187
2020-12-28,GO,662
2020-12-28,MA,109
2020-12-28,MG,3003
2020-12-28,MS,460
2020-12-28,MT,716
2020-12-28,PA,599
2020-12-28,PB,301
2020-12-28,PE,511
2020-12-28,PI,182
2020-12-28,PR,1642
2020-12-28,RJ,2746
2020-12-28,RN,238
2020-12-28,RO,227
2020-12-28,RR,63
2020-12-28,RS,1327
2020-12-28,SC,869
2020-12-28,SE,326
2020-12-28,SP,7618
2020-12-28,TO,133
2021-01-04,AC,78
2021-01-04,AL,301
2021-01-04,AM,2529
2021-01-04,AP,83
2021-01-04,BA,907
2021-01-04,CE,632
2021-01-04,DF,347
2021-01-04,ES,194
2021-01-04,GO,753
2021-01-04,MA,150
2021-01-04,MG,3210
2021-01-04,MS,401
2021-01-04,MT,717
2021-01-04,PA,684
2021-01-04,PB,290
2021-01-04,PE,453
2021-01-04,PI,202
2021-01-04,PR,1654
2021-01-04,RJ,2476
2021-01-04,RN,206
2021-01-04,RO,326
2021-01-04,RR,84
2021-01-04,RS,1252
2021-01-04,SC,841
2021-01-04,SE,382
2021-01-04,SP,7961
2021-01-04,TO,130
2021-01-11,AC,73
2021-01-11,AL,236
2021-01-11,AM,2006
2021-01-11,AP,53
2021-01-11,BA,792
2021-01-11,CE,675
2021-01-11,DF,252
2021-01-11,ES,142
2021-01-11,GO,762
2021-01-11,MA,176
2021-01-11,MG,2798
2021-01-11,MS,340
2021-01-11,MT,571
2021-01-11,PA,650
2021-01-11,PB,239
2021-01-11,PE,392
2021-01-11,PI,173
2021-01-11,PR,1403
2021-01-11,RJ,1856
2021-01-11,RN,190
2021-01-11,RO,318
2021-01-11,RR,112
2021-01-11,RS,1064
2021-01-11,SC,684
2021-01-11,SE,254
2021-01-11,SP,6681
2021-01-11,TO,121
2021-01-18,AC,107
2021-01-18,AL,242
2021-01-18,AM,1737
2021-01-18,AP,45
2021-01-18,BA,762
2021-01-18,CE,727
2021-01-18,DF,250
2021-01-18,ES,132
2021-01-18,GO,845
2021-01-18,MA,155
2021-01-18,MG,2712
2021-01-18,MS,356
2021-01-18,MT,535
2021-01-18,PA,765
2021-01-18,PB,272
2021-01-18,PE,419
2021-01-18,PI,228
2021-01-18,PR,1373
2021-01-18,RJ,1607
2021-01-18,RN,198
2021-01-18,RO,351
2021-01-18,RR,136
2021-01-18,RS,1097
2021-01-18,SC,721
2021-01-18,SE,278
2021-01-18,SP,6472
2021-01-18,TO,131
2021-01-25,AC,90
2021-01-25,AL,232
2021-01-25,AM,1293
2021-01-25,AP,62
2021-01-25,BA,884
2021-01-25,CE,907
2021-01-25,DF,256
2021-01-25,ES,133
2021-01-25,GO,917
2021-01-25,MA,226
2021-01-25,MG,2448
2021-01-25,MS,323
2021-01-25,MT,445
2021-01-25,PA,657
2021-01-25,PB,270
2021-01-25,PE,377
2021-01-25,PI,185
2021-01-25,PR,1371
2021-01-25,RJ,1281
2021-01-25,RN,217
2021-01-25,RO,389
2021-01-25,RR,134
2021-01-25,RS,1107
2021-01-25,SC,797
2021-01-25,SE,240
2021-01-25,SP,5834
2021-01-25,TO,98
2021-02-01,AC,153
2021-02-01,AL,318
2021-02-01,AM,1331
2021-02-01,AP,72
2021-02-01,BA,1192
2021-02-01,CE,1298
2021-02-01,DF,376
2021-02-01,ES,135
2021-02-01,GO,1247
2021-02-01,MA,327
2021-02-01,MG,2750
2021-02-01,MS,442
2021-02-01,MT,665
2021-02-01,PA,848
2021-02-01,PB,399
2021-02-01,PE,480
2021-02-01,PI,283
2021-02-01,PR,1825
2021-02-01,RJ,1484
2021-02-01,RN,320
2021-02-01,RO,459
2021-02-01,RR,180
2021-02-01,RS,1769
2021-02-01,SC,1359
2021-02-01,SE,206
2021-02-01,SP,6845
2021-02-01,TO,153
2021-02-08,AC,165
2021-02-08,AL,325
2021-02-08,AM,963
2021-02-08,AP,70
2021-02-08,BA,1329
2021-02-08,CE,1566
2021-02-08,DF,467
2021-02-08,ES,147
2021-02-08,GO,1391
2021-02-08,MA,346
2021-02-08,MG,3206
2021-02-08,MS,474
2021-02-08,MT,744
2021-02-08,PA,786
2021-02-08,PB,498
2021-02-08,PE,494
2021-02-08,PI,304
2021-02-08,PR,2558
2021-02-08,RJ,1535
2021-02-08,RN,434
2021-02-08,RO,444
2021-02-08,RR,147
2021-02-08,RS,2864
2021-02-08,SC,1902
2021-02-08,SE,238
2021-02-08,SP,7561
2021-02-08,TO,184
2021-02-15,AC,177
2021-02-15,AL,476
2021-02-15,AM,742
2021-02-15,AP,89
2021-02-15,BA,1718
2021-02-15,CE,1853
2021-02-15,DF,682
2021-02-15,ES,182
2021-02-15,GO,1805
2021-02-15,MA,408
2021-02-15,MG,3897
2021-02-15,MS,592
2021-02-15,MT,888
2021-02-15,PA,965
2021-02-15,PB,620
2021-02-15,PE,561
2021-02-15,PI,372
2021-02-15,PR,3436
2021-02-15,RJ,1780
2021-02-15,RN,501
2021-02-15,RO,502
2021-02-15,RR,148
2021-02-15,RS,4651
2021-02-15,SC,2645
2021-02-15,SE,287
2021-02-15,SP,10258
2021-02-15,TO,258
2021-02-22,AC,195
2021-02-22,AL,525
2021-02-22,AM,554
2021-02-22,AP,127
2021-02-22,BA,1902
2021-02-22,CE,2123
2021-02-22,DF,1000
2021-02-22,ES,210
2021-02-22,GO,1966
2021-02-22,MA,499
2021-02-22,MG,4522
2021-02-22,MS,629
2021-02-22,MT,1014
2021-02-22,PA,1249
2021-02-22,PB,737
2021-02-22,PE,723
2021-02-22,PI,409
2021-02-22,PR,3894
2021-02-22,RJ,2198
2021-02-22,RN,536
2021-02-22,RO,496
2021-02-22,RR,106
2021-02-22,RS,5644
2021-02-22,SC,2857
2021-02-22,SE,401
2021-02-22,SP,12347
2021-02-22,TO,288
2021-03-01,AC,194
2021-03-01,AL,721
2021-03-01,AM,644
2021-03-01,AP,174
2021-03-01,BA,2270
2021-03-01,CE,2796
2021-03-01,DF,1569
2021-03-01,ES,352
2021-03-01,GO,2584
2021-03-01,MA,728
2021-03-01,MG,6593
2021-03-01,MS,838
2021-03-01,MT,1418
2021-03-01,PA,1887
2021-03-01,PB,960
2021-03-01,PE,1101
2021-03-01,PI,590
2021-03-01,PR,4539
2021-03-01,RJ,3485
2021-03-01,RN,714
2021-03-01,RO,716
2021-03-01,RR,143
2021-03-01,RS,6114
2021-03-01,SC,3157
2021-03-01,SE,565
2021-03-01,SP,17974
2021-03-01,TO,356
2021-03-08,AC,204
2021-03-08,AL,662
2021-03-08,AM,546
2021-03-08,AP,167
2021-03-08,BA,1879
2021-03-08,CE,2741
2021-03-08,DF,1480
2021-03-08,ES,443
2021-03-08,GO,2460
2021-03-08,MA,752
2021-03-08,MG,7709
2021-03-08,MS,915
2021-03-08,MT,1417
2021-03-08,PA,2044
2021-03-08,PB,960
2021-03-08,PE,1261
2021-03-08,PI,685
2021-03-08,PR,4142
2021-03-08,RJ,4479
2021-03-08,RN,688
2021-03-08,RO,609
2021-03-08,RR,95
2021-03-08,RS,4710
2021-03-08,SC,2800
2021-03-08,SE,601
2021-03-08,SP,20155
2021-03-08,TO,335
2021-03-15,AC,147
2021-03-15,AL,551
2021-03-15,AM,558
2021-03-15,AP,169
2021-03-15,BA,1854
2021-03-15,CE,2514
2021-03-15,DF,1359
2021-03-15,ES,513
2021-03-15,GO,2313
2021-03-15,MA,659
2021-03-15,MG,8149
2021-03-15,MS,1169
2021-03-15,MT,1470
2021-03-15,PA,2059
2021-03-15,PB,862
2021-03-15,PE,1235
2021-03-15,PI,660
2021-03-15,PR,3794
2021-03-15,RJ,5025
2021-03-15,RN,514
2021-03-15,RO,598
2021-03-15,RR,92
2021-03-15,RS,3736
2021-03-15,SC,2419
2021-03-15,SE,605
2021-03-15,SP,19685
2021-03-15,TO,292
2021-03-22,AC,135
2021-03-22,AL,517
2021-03-22,AM,422
2021-03-22,AP,146
2021-03-22,BA,1629
2021-03-22,CE,2242
2021-03-22,DF,1153
2021-03-22,ES,535
2021-03-22,GO,1850
2021-03-22,MA,620
2021-03-22,MG,6624
2021-03-22,MS,934
2021-03-22,MT,1214
2021-03-22,PA,1544
2021-03-22,PB,677
2021-03-22,PE,1112
2021-03-22,PI,504
2021-03-22,PR,2859
2021-03-22,RJ,4819
2021-03-22,RN,504
2021-03-22,RO,498
2021-03-22,RR,98
2021-03-22,RS,2746
2021-03-22,SC,1817
2021-03-22,SE,589
2021-03-22,SP,14909
2021-03-22,TO,258
2021-03-29,AC,138
2021-03-29,AL,538
2021-03-29,AM,376
2021-03-29,AP,143
2021-03-29,BA,1689
2021-03-29,CE,2515
2021-03-29,DF,1170
2021-03-29,ES,536
2021-03-29,GO,1813
2021-03-29,MA,601
2021-03-29,MG,5804
2021-03-29,MS,951
2021-03-29,MT,1102
2021-03-29,PA,1409
2021-03-29,PB,615
2021-03-29,PE,1182
2021-03-29,PI,567
2021-03-29,PR,2739
2021-03-29,RJ,4748
2021-03-29,RN,564
2021-03-29,RO,475
2021-03-29,RR,72
2021-03-29,RS,2563
2021-03-29,SC,1810
2021-03-29,SE,633
2021-03-29,SP,13023
2021-03-29,TO,265
2021-04-05,AC,100
2021-04-05,AL,538
2021-04-05,AM,328
2021-04-05,AP,151
2021-04-05,BA,1643
2021-04-05,CE,2322
2021-04-05,DF,973
2021-04-05,ES,408
2021-04-05,GO,1594
2021-04-05,MA,646
2021-04-05,MG,5045
2021-04-05,MS,763
2021-04-05,MT,963
2021-04-05,PA,1218
2021-04-05,PB,579
2021-04-05,PE,1116
2021-04-05,PI,581
2021-04-05,PR,2996
2021-04-05,RJ,4145
2021-04-05,RN,465
2021-04-05,RO,415
2021-04-05,RR,78
2021-04-05,RS,2521
2021-04-05,SC,1774
2021-04-05,SE,602
2021-04-05,SP,11892
2021-04-05,TO,231
2021-04-12,AC,61
2021-04-12,AL,497
2021-04-12,AM,277
2021-04-12,AP,138
2021-04-12,BA,1507
2021-04-12,CE,1871
2021-04-12,DF,789
2021-04-12,ES,359
2021-04-12,GO,1322
2021-04-12,MA,483
2021-04-12,MG,4625
2021-04-12,MS,685
2021-04-12,MT,789
2021-04-12,PA,896
2021-04-12,PB,485
2021-04-12,PE,1024
2021-04-12,PI,464
2021-04-12,PR,2732
2021-04-12,RJ,3930
2021-04-12,RN,416
2021-04-12,RO,279
2021-04-12,RR,70
2021-04-12,RS,2099
2021-04-12,SC,1523
2021-04-12,SE,526
2021-04-12,SP,10751
2021-04-12,TO,185
2021-04-19,AC,55
2021-04-19,AL,478
2021-04-19,AM,259
2021-04-19,AP,121
2021-04-19,BA,1632
2021-04-19,CE,1753
2021-04-19,DF,666
2021-04-19,ES,269
2021-04-19,GO,1228
2021-04-19,MA,565
2021-04-19,MG,4471
2021-04-19,MS,687
2021-04-19,MT,725
2021-04-19,PA,864
2021-04-19,PB,553
2021-04-19,PE,1062
2021-04-19,PI,492
2021-04-19,PR,2845
2021-04-19,RJ,3803
2021-04-19,RN,440
2021-04-19,RO,266
2021-04-19,RR,69
2021-04-19,RS,2070
2021-04-19,SC,1645
2021-04-19,SE,593
2021-04-19,SP,11146
2021-04-19,TO,217
2021-04-26,AC,68
2021-04-26,AL,419
2021-04-26,AM,319
2021-04-26,AP,148
2021-04-26,BA,1813
2021-04-26,CE,1716
2021-04-26,DF,574
2021-04-26,ES,258
2021-04-26,GO,1305
2021-04-26,MA,633
2021-04-26,MG,4664
2021-04-26,MS,769
2021-04-26,MT,695
2021-04-26,PA,863
2021-04-26,PB,607
2021-04-26,PE,1044
2021-04-26,PI,515
2021-04-26,PR,3461
2021-04-26,RJ,3757
2021-04-26,RN,452
2021-04-26,RO,296
2021-04-26,RR,70
2021-04-26,RS,2201
2021-04-26,SC,1547
2021-04-26,SE,566
2021-04-26,SP,11661
2021-04-26,TO,248
2021-05-03,AC,59
2021-05-03,AL,486
2021-05-03,AM,290
2021-05-03,AP,150
2021-05-03,BA,1922
2021-05-03,CE,1584
2021-05-03,DF,605
2021-05-03,ES,239
2021-05-03,GO,1269
2021-05-03,MA,582
2021-05-03,MG,4763
2021-05-03,MS,956
2021-05-03,MT,713
2021-05-03,PA,773
2021-05-03,PB,711
2021-05-03,PE,1114
2021-05-03,PI,450
2021-05-03,PR,3701
2021-05-03,RJ,3629
2021-05-03,RN,519
2021-05-03,RO,241
2021-05-03,RR,84
2021-05-03,RS,2375
2021-05-03,SC,1537
2021-05-03,SE,586
2021-05-03,SP,12003
2021-05-03,TO,222
2021-05-10,AC,68
2021-05-10,AL,534
2021-05-10,AM,337
2021-05-10,AP,162
2021-05-10,BA,2115
2021-05-10,CE,1567
2021-05-10,DF,581
2021-05-10,ES,234
2021-05-10,GO,1600
2021-05-10,MA,796
2021-05-10,MG,5287
2021-05-10,MS,1185
2021-05-10,MT,869
2021-05-10,PA,932
2021-05-10,PB,879
2021-05-10,PE,1305
2021-05-10,PI,479
2021-05-10,PR,4493
2021-05-10,RJ,3812
2021-05-10,RN,581
2021-05-10,RO,288
2021-05-10,RR,83
2021-05-10,RS,2935
2021-05-10,SC,1688
2021-05-10,SE,578
2021-05-10,SP,13767
2021-05-10,TO,259
2021-05-17,AC,48
2021-05-17,AL,562
2021-05-17,AM,286
2021-05-17,AP,163
2021-05-17,BA,1986
2021-05-17,CE,1369
2021-05-17,DF,636
2021-05-17,ES,176
2021-05-17,GO,1619
2021-05-17,MA,712
2021-05-17,MG,5166
2021-05-17,MS,1268
2021-05-17,MT,893
2021-05-17,PA,832
2021-05-17,PB,857
2021-05-17,PE,1231
2021-05-17,PI,425
2021-05-17,PR,4481
2021-05-17,RJ,3362
2021-05-17,RN,512
2021-05-17,RO,242
2021-05-17,RR,76
2021-05-17,RS,3082
2021-05-17,SC,1783
2021-05-17,SE,603
2021-05-17,SP,13763
2021-05-17,TO,221
2021-05-24,AC,52
2021-05-24,AL,550
2021-05-24,AM,307
2021-05-24,AP,135
2021-05-24,BA,1698
2021-05-24,CE,1093
2021-05-24,DF,582
2021-05-24,ES,165
2021-05-24,GO,1596
2021-05-24,MA,654
2021-05-24,MG,4911
2021-05-24,MS,1190
2021-05-24,MT,901
2021-05-24,PA,686
2021-05-24,PB,794
2021-05-24,PE,1022
2021-05-24,PI,373
2021-05-24,PR,4423
2021-05-24,RJ,2892
2021-05-24,RN,400
2021-05-24,RO,246
2021-05-24,RR,79
2021-05-24,RS,2910
2021-05-24,SC,1731
2021-05-24,SE,535
2021-05-24,SP,14567
2021-05-24,TO,223
2021-05-31,AC,57
2021-05-31,AL,550
2021-05-31,AM,307
2021-05-31,AP,120
2021-05-31,BA,1857
2021-05-31,CE,947
2021-05-31,DF,600
2021-05-31,ES,171
2021-05-31,GO,1804
2021-05-31,MA,690
2021-05-31,MG,4766
2021-05-31,MS,1009
2021-05-31,MT,936
2021-05-31,PA,673
2021-05-31,PB,738
2021-05-31,PE,855
2021-05-31,PI,403
2021-05-31,PR,4041
2021-05-31,RJ,2511
2021-05-31,RN,426
2021-05-31,RO,220
2021-05-31,RR,75
2021-05-31,RS,2862
2021-05-31,SC,1825
2021-05-31,SE,492
2021-05-31,SP,14635
2021-05-31,TO,241
2021-06-07,AC,38
2021-06-07,AL,436
2021-06-07,AM,278
2021-06-07,AP,118
2021-06-07,BA,1522
2021-06-07,CE,707
2021-06-07,DF,507
2021-06-07,ES,139
2021-06-07,GO,1690
2021-06-07,MA,549
2021-06-07,MG,4141
2021-06-07,MS,792
2021-06-07,MT,862
2021-06-07,PA,593
2021-06-07,PB,576
2021-06-07,PE,669
2021-06-07,PI,277
2021-06-07,PR,3022
2021-06-07,RJ,2131
2021-06-07,RN,305
2021-06-07,RO,200
2021-06-07,RR,77
2021-06-07,RS,2239
2021-06-07,SC,1482
2021-06-07,SE,382
2021-06-07,SP,12092
2021-06-07,TO,192
2021-06-14,AC,30
2021-06-14,AL,393
2021-06-14,AM,248
2021-06-14,AP,120
2021-06-14,BA,1326
2021-06-14,CE,568
2021-06-14,DF,433
2021-06-14,ES,123
2021-06-14,GO,1525
2021-06-14,MA,500
2021-06-14,MG,3737
2021-06-14,MS,637
2021-06-14,MT,787
2021-06-14,PA,593
2021-06-14,PB,458
2021-06-14,PE,492
2021-06-14,PI,250
2021-06-14,PR,2791
2021-06-14,RJ,1902
2021-06-14,RN,265
2021-06-14,RO,174
2021-06-14,RR,102
2021-06-14,RS,1878
2021-06-14,SC,1391
2021-06-14,SE,245
2021-06-14,SP,10604
2021-06-14,TO,168
2021-06-21,AC,15
2021-06-21,AL,242
2021-06-21,AM,234
2021-06-21,AP,64
2021-06-21,BA,1033
2021-06-21,CE,393
2021-06-21,DF,351
2021-06-21,ES,108
2021-06-21,GO,1201
2021-06-21,MA,330
2021-06-21,MG,2973
2021-06-21,MS,433
2021-06-21,MT,535
2021-06-21,PA,420
2021-06-21,PB,339
2021-06-21,PE,346
2021-06-21,PI,223
2021-06-21,PR,2109
2021-06-21,RJ,1670
2021-06-21,RN,158
2021-06-21,RO,134
2021-06-21,RR,64
2021-06-21,RS,1441
2021-06-21,SC,1059
2021-06-21,SE,154
2021-06-21,SP,7986
2021-06-21,TO,107
2021-06-28,AC,20
2021-06-28,AL,241
2021-06-28,AM,247
2021-06-28,AP,98
2021-06-28,BA,952
2021-06-28,CE,327
2021-06-28,DF,412
2021-06-28,ES,98
2021-06-28,GO,1521
2021-06-28,MA,313
2021-06-28,MG,2914
2021-06-28,MS,451
2021-06-28,MT,623
2021-06-28,PA,405
2021-06-28,PB,293
2021-06-28,PE,313
2021-06-28,PI,201
2021-06-28,PR,1888
2021-06-28,RJ,1778
2021-06-28,RN,156
2021-06-28,RO,131
2021-06-28,RR,53
2021-06-28,RS,1241
2021-06-28,SC,1117
2021-06-28,SE,122
2021-06-28,SP,7358
2021-06-28,TO,171
2021-07-05,AC,19
2021-07-05,AL,170
2021-07-05,AM,218
2021-07-05,AP,61
2021-07-05,BA,736
2021-07-05,CE,266
2021-07-05,DF,423
2021-07-05,ES,80
2021-07-05,GO,1669
2021-07-05,MA,248
2021-07-05,MG,2542
2021-07-05,MS,479
2021-07-05,MT,606
2021-07-05,PA,338
2021-07-05,PB,238
2021-07-05,PE,238
2021-07-05,PI,142
2021-07-05,PR,1636
2021-07-05,RJ,1878
2021-07-05,RN,120
2021-07-05,RO,112
2021-07-05,RR,59
2021-07-05,RS,992
2021-07-05,SC,956
2021-07-05,SE,87
2021-07-05,SP,5959
2021-07-05,TO,150
2021-07-12,AC,10
2021-07-12,AL,150
2021-07-12,AM,201
2021-07-12,AP,33
2021-07-12,BA,558
2021-07-12,CE,196
2021-07-12,DF,393
2021-07-12,ES,61
2021-07-12,GO,1597
2021-07-12,MA,175
2021-07-12,MG,2272
2021-07-12,MS,409
2021-07-12,MT,719
2021-07-12,PA,269
2021-07-12,PB,146
2021-07-12,PE,187
2021-07-12,PI,136
2021-07-12,PR,1280
2021-07-12,RJ,1664
2021-07-12,RN,88
2021-07-12,RO,101
2021-07-12,RR,53
2021-07-12,RS,743
2021-07-12,SC,725
2021-07-12,SE,58
2021-07-12,SP,4608
2021-07-12,TO,147
2021-07-19,AC,9
2021-07-19,AL,92
2021-07-19,AM,127
2021-07-19,AP,29
2021-07-19,BA,439
2021-07-19,CE,187
2021-07-19,DF,361
2021-07-19,ES,59
2021-07-19,GO,1546
2021-07-19,MA,213
2021-07-19,MG,2044
2021-07-19,MS,320
2021-07-19,MT,529
2021-07-19,PA,280
2021-07-19,PB,132
2021-07-19,PE,151
2021-07-19,PI,116
2021-07-19,PR,1283
2021-07-19,RJ,1836
2021-07-19,RN,73
2021-07-19,RO,87
2021-07-19,RR,51
2021-07-19,RS,662
2021-07-19,SC,688
2021-07-19,SE,36
2021-07-19,SP,4143
2021-07-19,TO,129
2021-07-26,AC,6
2021-07-26,AL,67
2021-07-26,AM,131
2021-07-26,AP,33
2021-07-26,BA,317
2021-07-26,CE,118
2021-07-26,DF,334
2021-07-26,ES,31
2021-07-26,GO,1289
2021-07-26,MA,150
2021-07-26,MG,1711
2021-07-26,MS,274
2021-07-26,MT,532
2021-07-26,PA,198
2021-07-26,PB,90
2021-07-26,PE,96
2021-07-26,PI,104
2021-07-26,PR,1403
2021-07-26,RJ,2029
2021-07-26,RN,39
2021-07-26,RO,62
2021-07-26,RR,39
2021-07-26,RS,596
2021-07-26,SC,635
2021-07-26,SE,33
2021-07-26,SP,3779
2021-07-26,TO,100
2021-08-02,AC,4
2021-08-02,AL,50
2021-08-02,AM,96
2021-08-02,AP,24
2021-08-02,BA,277
2021-08-02,CE,104
2021-08-02,DF,333
2021-08-02,ES,45
2021-08-02,GO,1056
2021-08-02,MA,122
2021-08-02,MG,1446
2021-08-02,MS,239
2021-08-02,MT,391
2021-08-02,PA,178
2021-08-02,PB,91
2021-08-02,PE,82
2021-08-02,PI,82
2021-08-02,PR,1493
2021-08-02,RJ,2291
2021-08-02,RN,54
2021-08-02,RO,45
2021-08-02,RR,43
2021-08-02,RS,553
2021-08-02,SC,654
2021-08-02,SE,33
2021-08-02,SP,3231
2021-08-02,TO,96
2021-08-09,AC,17
2021-08-09,AL,53
2021-08-09,AM,106
2021-08-09,AP,25
2021-08-09,BA,225
2021-08-09,CE,80
2021-08-09,DF,363
2021-08-09,ES,55
2021-08-09,GO,937
2021-08-09,MA,104
2021-08-09,MG,1272
2021-08-09,MS,142
2021-08-09,MT,293
2021-08-09,PA,176
2021-08-09,PB,113
2021-08-09,PE,76
2021-08-09,PI,75
2021-08-09,PR,1434
2021-08-09,RJ,2378
2021-08-09,RN,41
2021-08-09,RO,39
2021-08-09,RR,46
2021-08-09,RS,581
2021-08-09,SC,590
2021-08-09,SE,31
2021-08-09,SP,2458
2021-08-09,TO,106
2021-08-16,AC,10
2021-08-16,AL,49
2021-08-16,AM,80
2021-08-16,AP,11
2021-08-16,BA,186
2021-08-16,CE,87
2021-08-16,DF,320
2021-08-16,ES,57
2021-08-16,GO,830
2021-08-16,MA,84
2021-08-16,MG,1059
2021-08-16,MS,138
2021-08-16,MT,255
2021-08-16,PA,132
2021-08-16,PB,93
2021-08-16,PE,82
2021-08-16,PI,75
2021-08-16,PR,1360
2021-08-16,RJ,2253
2021-08-16,RN,33
2021-08-16,RO,47
2021-08-16,RR,23
2021-08-16,RS,482
2021-08-16,SC,552
2021-08-16,SE,18
2021-08-16,SP,2132
2021-08-16,TO,71
2021-08-23,AC,3
2021-08-23,AL,42
2021-08-23,AM,44
2021-08-23,AP,10
2021-08-23,BA,145
2021-08-23,CE,63
2021-08-23,DF,305
2021-08-23,ES,46
2021-08-23,GO,596
2021-08-23,MA,64
2021-08-23,MG,907
2021-08-23,MS,120
2021-08-23,MT,175
2021-08-23,PA,107
2021-08-23,PB,76
2021-08-23,PE,82
2021-08-23,PI,70
2021-08-23,PR,1167
2021-08-23,RJ,1799
2021-08-23,RN,21
2021-08-23,RO,32
2021-08-23,RR,21
2021-08-23,RS,430
2021-08-23,SC,492
2021-08-23,SE,11
2021-08-23,SP,1894
2021-08-23,TO,68
2021-08-30,AC,10
2021-08-30,AL,39
2021-08-30,AM,37
2021-08-30,AP,12
2021-08-30,BA,132
2021-08-30,CE,77
2021-08-30,DF,363
2021-08-30,ES,71
2021-08-30,GO,560
2021-08-30,MA,53
2021-08-30,MG,836
2021-08-30,MS,58
2021-08-30,MT,159
2021-08-30,PA,100
2021-08-30,PB,105
2021-08-30,PE,88
2021-08-30,PI,62
2021-08-30,PR,1166
2021-08-30,RJ,1617
2021-08-30,RN,31
2021-08-30,RO,31
2021-08-30,RR,26
2021-08-30,RS,397
2021-08-30,SC,467
2021-08-30,SE,16
2021-08-30,SP,2066
2021-08-30,TO,59
2021-09-06,AC,6
2021-09-06,AL,21
2021-09-06,AM,33
2021-09-06,AP,6
2021-09-06,BA,122
2021-09-06,CE,78
2021-09-06,DF,361
2021-09-06,ES,69
2021-09-06,GO,494
2021-09-06,MA,49
2021-09-06,MG,769
2021-09-06,MS,63
2021-09-06,MT,146
2021-09-06,PA,71
2021-09-06,PB,111
2021-09-06,PE,79
2021-09-06,PI,63
2021-09-06,PR,1097
2021-09-06,RJ,1346
2021-09-06,RN,20
2021-09-06,RO,26
2021-09-06,RR,14
2021-09-06,RS,393
2021-09-06,SC,413
2021-09-06,SE,14
2021-09-06,SP,1861
2021-09-06,TO,42
2021-09-13,AC,3
2021-09-13,AL,28
2021-09-13,AM,36
2021-09-13,AP,8
2021-09-13,BA,115
2021-09-13,CE,64
2021-09-13,DF,435
2021-09-13,ES,69
2021-09-13,GO,453
2021-09-13,MA,45
2021-09-13,MG,784
2021-09-13,MS,49
2021-09-13,MT,101
2021-09-13,PA,102
2021-09-13,PB,80
2021-09-13,PE,105
2021-09-13,PI,62
2021-09-13,PR,949
2021-09-13,RJ,1020
2021-09-13,RN,21
2021-09-13,RO,25
2021-09-13,RR,5
2021-09-13,RS,462
2021-09-13,SC,418
2021-09-13,SE,27
2021-09-13,SP,1684
2021-09-13,TO,36
2021-09-20,AC,9
2021-09-20,AL,45
2021-09-20,AM,34
2021-09-20,AP,6
2021-09-20,BA,114
2021-09-20,CE,61
2021-09-20,DF,448
2021-09-20,ES,63
2021-09-20,GO,482
2021-09-20,MA,25
2021-09-20,MG,714
2021-09-20,MS,46
2021-09-20,MT,100
2021-09-20,PA,75
2021-09-20,PB,69
2021-09-20,PE,95
2021-09-20,PI,80
2021-09-20,PR,753
2021-09-20,RJ,824
2021-09-20,RN,34
2021-09-20,RO,18
2021-09-20,RR,7
2021-09-20,RS,456
2021-09-20,SC,446
2021-09-20,SE,14
2021-09-20,SP,1492
2021-09-20,TO,36
2021-09-27,AC,11
2021-09-27,AL,42
2021-09-27,AM,25
2021-09-27,AP,18
2021-09-27,BA,112
2021-09-27,CE,52
2021-09-27,DF,308
2021-09-27,ES,66
2021-09-27,GO,388
2021-09-27,MA,36
2021-09-27,MG,690
2021-09-27,MS,38
2021-09-27,MT,96
2021-09-27,PA,88
2021-09-27,PB,76
2021-09-27,PE,87
2021-09-27,PI,82
2021-09-27,PR,634
2021-09-27,RJ,660
2021-09-27,RN,42
2021-09-27,RO,27
2021-09-27,RR,8
2021-09-27,RS,506
2021-09-27,SC,376
2021-09-27,SE,5
2021-09-27,SP,1363
2021-09-27,TO,32
2021-10-04,AC,8
2021-10-04,AL,50
2021-10-04,AM,27
2021-10-04,AP,17
2021-10-04,BA,122
2021-10-04,CE,53
2021-10-04,DF,218
2021-10-04,ES,77
2021-10-04,GO,280
2021-10-04,MA,42
2021-10-04,MG,470
2021-10-04,MS,25
2021-10-04,MT,62
2021-10-04,PA,120
2021-10-04,PB,69
2021-10-04,PE,67
2021-10-04,PI,89
2021-10-04,PR,501
2021-10-04,RJ,469
2021-10-04,RN,45
2021-10-04,RO,28
2021-10-04,RR,14
2021-10-04,RS,452
2021-10-04,SC,348
2021-10-04,SE,11
2021-10-04,SP,1094
2021-10-04,TO,33
2021-10-11,AC,6
2021-10-11,AL,28
2021-10-11,AM,18
2021-10-11,AP,17
2021-10-11,BA,127
2021-10-11,CE,58
2021-10-11,DF,142
2021-10-11,ES,67
2021-10-11,GO,160
2021-10-11,MA,29
2021-10-11,MG,420
2021-10-11,MS,21
2021-10-11,MT,49
2021-10-11,PA,98
2021-10-11,PB,78
2021-10-11,PE,69
2021-10-11,PI,79
2021-10-11,PR,459
2021-10-11,RJ,353
2021-10-11,RN,55
2021-10-11,RO,15
2021-10-11,RR,12
2021-10-11,RS,471
2021-10-11,SC,343
2021-10-11,SE,6
2021-10-11,SP,912
2021-10-11,TO,28
2021-10-18,AC,6
2021-10-18,AL,22
2021-10-18,AM,38
2021-10-18,AP,20
2021-10-18,BA,134
2021-10-18,CE,47
2021-10-18,DF,85
2021-10-18,ES,34
2021-10-18,GO,154
2021-10-18,MA,44
2021-10-18,MG,362
2021-10-18,MS,35
2021-10-18,MT,60
2021-10-18,PA,118
2021-10-18,PB,82
2021-10-18,PE,74
2021-10-18,PI,69
2021-10-18,PR,381
2021-10-18,RJ,250
2021-10-18,RN,65
2021-10-18,RO,33
2021-10-18,RR,10
2021-10-18,RS,473
2021-10-18,SC,302
2021-10-18,SE,4
2021-10-18,SP,843
2021-10-18,TO,29
2021-10-25,AC,3
2021-10-25,AL,21
2021-10-25,AM,35
2021-10-25,AP,8
2021-10-25,BA,113
2021-10-25,CE,61
2021-10-25,DF,66
2021-10-25,ES,49
2021-10-25,GO,119
2021-10-25,MA,38
2021-10-25,MG,279
2021-10-25,MS,31
2021-10-25,MT,37
2021-10-25,PA,135
2021-10-25,PB,65
2021-10-25,PE,69
2021-10-25,PI,71
2021-10-25,PR,322
2021-10-25,RJ,225
2021-10-25,RN,65
2021-10-25,RO,36
2021-10-25,RR,11
2021-10-25,RS,483
2021-10-25,SC,292
2021-10-25,SE,3
2021-10-25,SP,707
2021-10-25,TO,34
2021-11-01,AC,14
2021-11-01,AL,26
2021-11-01,AM,41
2021-11-01,AP,17
2021-11-01,BA,115
2021-11-01,CE,73
2021-11-01,DF,53
2021-11-01,ES,26
2021-11-01,GO,114
2021-11-01,MA,45
2021-11-01,MG,280
2021-11-01,MS,33
2021-11-01,MT,42
2021-11-01,PA,164
2021-11-01,PB,64
2021-11-01,PE,85
2021-11-01,PI,71
2021-11-01,PR,262
2021-11-01,RJ,218
2021-11-01,RN,76
2021-11-01,RO,58
2021-11-01,RR,16
2021-11-01,RS,390
2021-11-01,SC,260
2021-11-01,SE,12
2021-11-01,SP,621
2021-11-01,TO,41
2021-11-08,AC,5
2021-11-08,AL,24
2021-11-08,AM,43
2021-11-08,AP,12
2021-11-08,BA,121
2021-11-08,CE,95
2021-11-08,DF,37
2021-11-08,ES,36
2021-11-08,GO,94
2021-11-08,MA,35
2021-11-08,MG,194
2021-11-08,MS,29
2021-11-08,MT,26
2021-11-08,PA,181
2021-11-08,PB,52
2021-11-08,PE,94
2021-11-08,PI,72
2021-11-08,PR,213
2021-11-08,RJ,160
2021-11-08,RN,58
2021-11-08,RO,61
2021-11-08,RR,14
2021-11-08,RS,287
2021-11-08,SC,196
2021-11-08,SE,5
2021-11-08,SP,577
2021-11-08,TO,55
2021-11-15,AC,2
2021-11-15,AL,14
2021-11-15,AM,46
2021-11-15,AP,4
2021-11-15,BA,124
2021-11-15,CE,91
2021-11-15,DF,33
2021-11-15,ES,32
2021-11-15,GO,109
2021-11-15,MA,47
2021-11-15,MG,204
2021-11-15,MS,41
2021-11-15,MT,37
2021-11-15,PA,252
2021-11-15,PB,56
2021-11-15,PE,82
2021-11-15,PI,63
2021-11-15,PR,160
2021-11-15,RJ,176
2021-11-15,RN,44
2021-11-15,RO,80
2021-11-15,RR,9
2021-11-15,RS,279
2021-11-15,SC,219
2021-11-15,SE,7
2021-11-15,SP,531
2021-11-15,TO,30
2021-11-22,AC,4
2021-11-22,AL,10
2021-11-22,AM,44
2021-11-22,AP,5
2021-11-22,BA,130
2021-11-22,CE,74
2021-11-22,DF,29
2021-11-22,ES,25
2021-11-22,GO,95
2021-11-22,MA,56
2021-11-22,MG,156
2021-11-22,MS,24
2021-11-22,MT,38
2021-11-22,PA,232
2021-11-22,PB,53
2021-11-22,PE,74
2021-11-22,PI,54
2021-11-22,PR,135
2021-11-22,RJ,134
2021-11-22,RN,36
2021-11-22,RO,69
2021-11-22,RR,10
2021-11-22,RS,212
2021-11-22,SC,155
2021-11-22,SE,9
2021-11-22,SP,395
2021-11-22,TO,20
2021-11-29,AC,5
2021-11-29,AL,12
2021-11-29,AM,55
2021-11-29,AP,20
2021-11-29,BA,133
2021-11-29,CE,58
2021-11-29,DF,20
2021-11-29,ES,27
2021-11-29,GO,82
2021-11-29,MA,68
2021-11-29,MG,134
2021-11-29,MS,27
2021-11-29,MT,49
2021-11-29,PA,247
2021-11-29,PB,50
2021-11-29,PE,70
2021-11-29,PI,89
2021-11-29,PR,104
2021-11-29,RJ,143
2021-11-29,RN,52
2021-11-29,RO,76
2021-11-29,RR,16
2021-11-29,RS,170
2021-11-29,SC,131
2021-11-29,SE,9
2021-11-29,SP,405
2021-11-29,TO,45
2021-12-06,AC,8
2021-12-06,AL,13
2021-12-06,AM,59
2021-12-06,AP,17
2021-12-06,BA,132
2021-12-06,CE,78
2021-12-06,DF,17
2021-12-06,ES,26
2021-12-06,GO,72
2021-12-06,MA,52
2021-12-06,MG,116
2021-12-06,MS,33
2021-12-06,MT,45
2021-12-06,PA,256
2021-12-06,PB,48
2021-12-06,PE,74
2021-12-06,PI,50
2021-12-06,PR,96
2021-12-06,RJ,128
2021-12-06,RN,47
2021-12-06,RO,62
2021-12-06,RR,13
2021-12-06,RS,144
2021-12-06,SC,121
2021-12-06,SE,7
2021-12-06,SP,364
2021-12-06,TO,46
2021-12-13,AC,3
2021-12-13,AL,10
2021-12-13,AM,79
2021-12-13,AP,13
2021-12-13,BA,125
2021-12-13,CE,101
2021-12-13,DF,16
2021-12-13,ES,20
2021-12-13,GO,81
2021-12-13,MA,37
2021-12-13,MG,136
2021-12-13,MS,20
2021-12-13,MT,39
2021-12-13,PA,247
2021-12-13,PB,28
2021-12-13,PE,40
2021-12-13,PI,43
2021-12-13,PR,78
2021-12-13,RJ,130
2021-12-13,RN,25
2021-12-13,RO,48
2021-12-13,RR,7
2021-12-13,RS,90
2021-12-13,SC,106
2021-12-13,SE,7
2021-12-13,SP,447
2021-12-13,TO,34
2021-12-20,AC,3
2021-12-20,AL,13
2021-12-20,AM,82
2021-12-20,AP,16
2021-12-20,BA,160
2021-12-20,CE,174
2021-12-20,DF,34
2021-12-20,ES,17
2021-12-20,GO,128
2021-12-20,MA,54
2021-12-20,MG,194
2021-12-20,MS,44
2021-12-20,MT,96
2021-12-20,PA,203
2021-12-20,PB,25
2021-12-20,PE,61
2021-12-20,PI,59
2021-12-20,PR,106
2021-12-20,RJ,170
2021-12-20,RN,37
2021-12-20,RO,37
2021-12-20,RR,5
2021-12-20,RS,110
2021-12-20,SC,117
2021-12-20,SE,13
2021-12-20,SP,1060
2021-12-20,TO,48
2021-12-27,AC,7
2021-12-27,AL,30
2021-12-27,AM,124
2021-12-27,AP,24
2021-12-27,BA,299
2021-12-27,CE,412
2021-12-27,DF,100
2021-12-27,ES,36
2021-12-27,GO,248
2021-12-27,MA,141
2021-12-27,MG,464
2021-12-27,MS,77
2021-12-27,MT,168
2021-12-27,PA,264
2021-12-27,PB,47
2021-12-27,PE,88
2021-12-27,PI,90
2021-12-27,PR,273
2021-12-27,RJ,400
2021-12-27,RN,51
2021-12-27,RO,63
2021-12-27,RR,14
2021-12-27,RS,243
2021-12-27,SC,202
2021-12-27,SE,27
2021-12-27,SP,2511
2021-12-27,TO,81
2022-01-03,AC,21
2022-01-03,AL,93
2022-01-03,AM,210
2022-01-03,AP,32
2022-01-03,BA,390
2022-01-03,CE,889
2022-01-03,DF,186
2022-01-03,ES,51
2022-01-03,GO,460
2022-01-03,MA,147
2022-01-03,MG,1229
2022-01-03,MS,173
2022-01-03,MT,308
2022-01-03,PA,217
2022-01-03,PB,65
2022-01-03,PE,85
2022-01-03,PI,107
2022-01-03,PR,687
2022-01-03,RJ,1050
2022-01-03,RN,75
2022-01-03,RO,85
2022-01-03,RR,7
2022-01-03,RS,490
2022-01-03,SC,517
2022-01-03,SE,57
2022-01-03,SP,4749
2022-01-03,TO,120
2022-01-10,AC,38
2022-01-10,AL,186
2022-01-10,AM,553
2022-01-10,AP,58
2022-01-10,BA,714
2022-01-10,CE,1540
2022-01-10,DF,316
2022-01-10,ES,121
2022-01-10,GO,691
2022-01-10,MA,228
2022-01-10,MG,2244
2022-01-10,MS,360
2022-01-10,MT,383
2022-01-10,PA,310
2022-01-10,PB,162
2022-01-10,PE,168
2022-01-10,PI,155
2022-01-10,PR,1225
2022-01-10,RJ,2293
2022-01-10,RN,188
2022-01-10,RO,101
2022-01-10,RR,16
2022-01-10,RS,1059
2022-01-10,SC,954
2022-01-10,SE,96
2022-01-10,SP,7487
2022-01-10,TO,148
2022-01-17,AC,75
2022-01-17,AL,321
2022-01-17,AM,625
2022-01-17,AP,61
2022-01-17,BA,1066
2022-01-17,CE,1322
2022-01-17,DF,405
2022-01-17,ES,205
2022-01-17,GO,803
2022-01-17,MA,224
2022-01-17,MG,2990
2022-01-17,MS,425
2022-01-17,MT,421
2022-01-17,PA,521
2022-01-17,PB,329
2022-01-17,PE,347
2022-01-17,PI,233
2022-01-17,PR,1789
2022-01-17,RJ,2507
2022-01-17,RN,326
2022-01-17,RO,105
2022-01-17,RR,25
2022-01-17,RS,1397
2022-01-17,SC,1158
2022-01-17,SE,204
2022-01-17,SP,8117
2022-01-17,TO,138
2022-01-24,AC,62
2022-01-24,AL,307
2022-01-24,AM,378
2022-01-24,AP,48
2022-01-24,BA,974
2022-01-24,CE,867
2022-01-24,DF,443
2022-01-24,ES,196
2022-01-24,GO,617
2022-01-24,MA,170
2022-01-24,MG,2536
2022-01-24,MS,411
2022-01-24,MT,367
2022-01-24,PA,506
2022-01-24,PB,436
2022-01-24,PE,456
2022-01-24,PI,224
2022-01-24,PR,1638
2022-01-24,RJ,1739
2022-01-24,RN,309
2022-01-24,RO,147
2022-01-24,RR,17
2022-01-24,RS,1294
2022-01-24,SC,951
2022-01-24,SE,230
2022-01-24,SP,5801
2022-01-24,TO,94
2022-01-31,AC,65
2022-01-31,AL,244
2022-01-31,AM,184
2022-01-31,AP,29
2022-01-31,BA,739
2022-01-31,CE,561
2022-01-31,DF,387
2022-01-31,ES,129
2022-01-31,GO,587
2022-01-31,MA,142
2022-01-31,MG,2127
2022-01-31,MS,408
2022-01-31,MT,247
2022-01-31,PA,384
2022-01-31,PB,391
2022-01-31,PE,406
2022-01-31,PI,222
2022-01-31,PR,1444
2022-01-31,RJ,962
2022-01-31,RN,226
2022-01-31,RO,174
2022-01-31,RR,8
2022-01-31,RS,1207
2022-01-31,SC,807
2022-01-31,SE,200
2022-01-31,SP,4459
2022-01-31,TO,101
2022-02-07,AC,35
2022-02-07,AL,93
2022-02-07,AM,87
2022-02-07,AP,14
2022-02-07,BA,402
2022-02-07,CE,300
2022-02-07,DF,222
2022-02-07,ES,67
2022-02-07,GO,373
2022-02-07,MA,63
2022-02-07,MG,1298
2022-02-07,MS,285
2022-02-07,MT,142
2022-02-07,PA,182
2022-02-07,PB,194
2022-02-07,PE,226
2022-02-07,PI,116
2022-02-07,PR,1017
2022-02-07,RJ,453
2022-02-07,RN,103
2022-02-07,RO,124
2022-02-07,RR,8
2022-02-07,RS,840
2022-02-07,SC,516
2022-02-07,SE,98
2022-02-07,SP,2702
2022-02-07,TO,46
2022-02-14,AC,16
2022-02-14,AL,32
2022-02-14,AM,43
2022-02-14,AP,7
2022-02-14,BA,205
2022-02-14,CE,162
2022-02-14,DF,141
2022-02-14,ES,34
2022-02-14,GO,289
2022-02-14,MA,39
2022-02-14,MG,926
2022-02-14,MS,180
2022-02-14,MT,116
2022-02-14,PA,101
2022-02-14,PB,72
2022-02-14,PE,101
2022-02-14,PI,79
2022-02-14,PR,694
2022-02-14,RJ,283
2022-02-14,RN,57
2022-02-14,RO,72
2022-02-14,RS,623
2022-02-14,SC,350
2022-02-14,SE,42
2022-02-14,SP,1710
2022-02-14,TO,32
2022-02-21,AC,7
2022-02-21,AL,16
2022-02-21,AM,24
2022-02-21,AP,2
2022-02-21,BA,87
2022-02-21,CE,92
2022-02-21,DF,86
2022-02-21,ES,21
2022-02-21,GO,156
2022-02-21,MA,18
2022-02-21,MG,524
2022-02-21,MS,82
2022-02-21,MT,49
2022-02-21,PA,50
2022-02-21,PB,36
2022-02-21,PE,55
2022-02-21,PI,28
2022-02-21,PR,430
2022-02-21,RJ,128
2022-02-21,RN,21
2022-02-21,RO,36
2022-02-21,RR,2
2022-02-21,RS,350
2022-02-21,SC,226
2022-02-21,SE,25
2022-02-21,SP,952
2022-02-21,TO,24
2022-02-28,AC,1
2022-02-28,AL,12
2022-02-28,AM,24
2022-02-28,BA,69
2022-02-28,CE,87
2022-02-28,DF,58
2022-02-28,ES,9
2022-02-28,GO,145
2022-02-28,MA,18
2022-02-28,MG,378
2022-02-28,MS,46
2022-02-28,MT,38
2022-02-28,PA,40
2022-02-28,PB,25
2022-02-28,PE,41
2022-02-28,PI,21
2022-02-28,PR,266
2022-02-28,RJ,109
2022-02-28,RN,12
2022-02-28,RO,46
2022-02-28,RR,1
2022-02-28,RS,280
2022-02-28,SC,166
2022-02-28,SE,11
2022-02-28,SP,675
2022-02-28,TO,17
2022-03-07,AC,7
2022-03-07,AL,6
2022-03-07,AM,14
2022-03-07,BA,52
2022-03-07,CE,51
2022-03-07,DF,42
2022-03-07,ES,9
2022-03-07,GO,81
2022-03-07,MA,16
2022-03-07,MG,240
2022-03-07,MS,35
2022-03-07,MT,33
2022-03-07,PA,24
2022-03-07,PB,9
2022-03-07,PE,20
2022-03-07,PI,12
2022-03-07,PR,144
2022-03-07,RJ,76
2022-03-07,RN,9
2022-03-07,RO,24
2022-03-07,RS,178
2022-03-07,SC,80
2022-03-07,SE,2
2022-03-07,SP,417
2022-03-07,TO,12
2022-03-14,AC,9
2022-03-14,AL,7
2022-03-14,AM,17
2022-03-14,AP,1
2022-03-14,BA,36
2022-03-14,CE,40
2022-03-14,DF,40
2022-03-14,ES,10
2022-03-14,GO,62
2022-03-14,MA,9
2022-03-14,MG,171
2022-03-14,MS,11
2022-03-14,MT,25
2022-03-14,PA,12
2022-03-14,PB,8
2022-03-14,PE,16
2022-03-14,PI,6
2022-03-14,PR,139
2022-03-14,RJ,58
2022-03-14,RN,7
2022-03-14,RO,24
2022-03-14,RS,154
2022-03-14,SC,64
2022-03-14,SE,6
2022-03-14,SP,309
2022-03-14,TO,9
2022-03-21,AC,8
2022-03-21,AL,3
2022-03-21,AM,14
2022-03-21,AP,3
2022-03-21,BA,28
2022-03-21,CE,23
2022-03-21,DF,13
2022-03-21,ES,10
2022-03-21,GO,44
2022-03-21,MA,7
2022-03-21,MG,106
2022-03-21,MS,9
2022-03-21,MT,23
2022-03-21,PA,16
2022-03-21,PB,13
2022-03-21,PE,14
2022-03-21,PI,8
2022-03-21,PR,94
2022-03-21,RJ,49
2022-03-21,RN,4
2022-03-21,RO,9
2022-03-21,RS,123
2022-03-21,SC,43
2022-03-21,SE,4
2022-03-21,SP,257
2022-03-21,TO,4
2022-03-28,AC,19
2022-03-28,AL,6
2022-03-28,AM,12
2022-03-28,BA,23
2022-03-28,CE,33
2022-03-28,DF,21
2022-03-28,ES,4
2022-03-28,GO,42
2022-03-28,MA,9
2022-03-28,MG,83
2022-03-28,MS,8
2022-03-28,MT,11
2022-03-28,PA,19
2022-03-28,PB,9
2022-03-28,PE,10
2022-03-28,PI,5
2022-03-28,PR,101
2022-03-28,RJ,62
2022-03-28,RN,8
2022-03-28,RO,8
2022-03-28,RS,124
2022-03-28,SC,54
2022-03-28,SP,209
2022-03-28,TO,3
2022-04-04,AC,24
2022-04-04,AL,6
2022-04-04,AM,13
2022-04-04,BA,18
2022-04-04,CE,25
2022-04-04,DF,12
2022-04-04,ES,3
2022-04-04,GO,47
2022-04-04,MA,9
2022-04-04,MG,74
2022-04-04,MS,9
2022-04-04,MT,12
2022-04-04,PA,22
2022-04-04,PB,11
2022-04-04,PE,5
2022-04-04,PI,4
2022-04-04,PR,103
2022-04-04,RJ,47
2022-04-04,RN,5
2022-04-04,RO,11
2022-04-04,RS,125
2022-04-04,SC,55
2022-04-04,SE,1
2022-04-04,SP,257
2022-04-04,TO,6
2022-04-11,AC,21
2022-04-11,AL,3
2022-04-11,AM,7
2022-04-11,BA,11
2022-04-11,CE,18
2022-04-11,DF,9
2022-04-11,ES,2
2022-04-11,GO,21
2022-04-11,MA,7
2022-04-11,MG,69
2022-04-11,MS,12
2022-04-11,MT,8
2022-04-11,PA,9
2022-04-11,PB,5
2022-04-11,PE,11
2022-04-11,PI,2
2022-04-11,PR,103
2022-04-11,RJ,40
2022-04-11,RN,5
2022-04-11,RO,17
2022-04-11,RS,109
2022-04-11,SC,56
2022-04-11,SP,221
2022-04-11,TO,2
2022-04-18,AC,16
2022-04-18,AL,9
2022-04-18,AM,14
2022-04-18,AP,1
2022-04-18,BA,16
2022-04-18,CE,24
2022-04-18,DF,16
2022-04-18,ES,2
2022-04-18,GO,32
2022-04-18,MA,7
2022-04-18,MG,98
2022-04-18,MS,16
2022-04-18,MT,11
2022-04-18,PA,17
2022-04-18,PB,14
2022-04-18,PE,8
2022-04-18,PI,2
2022-04-18,PR,169
2022-04-18,RJ,48
2022-04-18,RN,8
2022-04-18,RO,14
2022-04-18,RR,1
2022-04-18,RS,157
2022-04-18,SC,72
2022-04-18,SE,3
2022-04-18,SP,302
2022-04-18,TO,1
2022-04-25,AC,19
2022-04-25,AL,8
2022-04-25,AM,8
2022-04-25,AP,1
2022-04-25,BA,19
2022-04-25,CE,22
2022-04-25,DF,12
2022-04-25,ES,2
2022-04-25,GO,34
2022-04-25,MA,12
2022-04-25,MG,104
2022-04-25,MS,15
2022-04-25,MT,9
2022-04-25,PA,12
2022-04-25,PB,8
2022-04-25,PE,16
2022-04-25,PI,2
2022-04-25,PR,193
2022-04-25,RJ,62
2022-04-25,RN,6
2022-04-25,RO,14
2022-04-25,RS,154
2022-04-25,SC,62
2022-04-25,SE,2
2022-04-25,SP,368
2022-04-25,TO,4
2022-05-02,AC,18
2022-05-02,AL,6
2022-05-02,AM,6
2022-05-02,BA,15
2022-05-02,CE,18
2022-05-02,DF,28
2022-05-02,ES,3
2022-05-02,GO,54
2022-05-02,MA,6
2022-05-02,MG,151
2022-05-02,MS,15
2022-05-02,MT,15
2022-05-02,PA,13
2022-05-02,PB,7
2022-05-02,PE,23
2022-05-02,PI,4
2022-05-02,PR,238
2022-05-02,RJ,78
2022-05-02,RN,10
2022-05-02,RO,5
2022-05-02,RR,1
2022-05-02,RS,203
2022-05-02,SC,80
2022-05-02,SE,3
2022-05-02,SP,534
2022-05-02,TO,2
2022-05-09,AC,11
2022-05-09,AL,10
2022-05-09,AM,5
2022-05-09,AP,1
2022-05-09,BA,24
2022-05-09,CE,13
2022-05-09,DF,42
2022-05-09,ES,2
2022-05-09,GO,93
2022-05-09,MA,9
2022-05-09,MG,231
2022-05-09,MS,19
2022-05-09,MT,25
2022-05-09,PA,12
2022-05-09,PB,18
2022-05-09,PE,20
2022-05-09,PI,6
2022-05-09,PR,381
2022-05-09,RJ,108
2022-05-09,RN,12
2022-05-09,RO,7
2022-05-09,RR,1
2022-05-09,RS,320
2022-05-09,SC,100
2022-05-09,SP,861
2022-05-09,TO,3
2022-05-16,AC,8
2022-05-16,AL,8
2022-05-16,AM,5
2022-05-16,AP,1
2022-05-16,BA,36
2022-05-16,CE,15
2022-05-16,DF,53
2022-05-16,ES,4
2022-05-16,GO,139
2022-05-16,MA,14
2022-05-16,MG,373
2022-05-16,MS,38
2022-05-16,MT,34
2022-05-16,PA,17
2022-05-16,PB,20
2022-05-16,PE,24
2022-05-16,PI,3
2022-05-16,PR,451
2022-05-16,RJ,182
2022-05-16,RN,15
2022-05-16,RO,8
2022-05-16,RS,388
2022-05-16,SC,172
2022-05-16,SE,3
2022-05-16,SP,1151
2022-05-16,TO,4
2022-05-23,AC,2
2022-05-23,AL,8
2022-05-23,AM,4
2022-05-23,AP,2
2022-05-23,BA,34
2022-05-23,CE,27
2022-05-23,DF,116
2022-05-23,ES,11
2022-05-23,GO,219
2022-05-23,MA,9
2022-05-23,MG,497
2022-05-23,MS,47
2022-05-23,MT,49
2022-05-23,PA,8
2022-05-23,PB,27
2022-05-23,PE,19
2022-05-23,PI,2
2022-05-23,PR,473
2022-05-23,RJ,327
2022-05-23,RN,11
2022-05-23,RO,14
2022-05-23,RS,405
2022-05-23,SC,162
2022-05-23,SE,3
2022-05-23,SP,1874
2022-05-23,TO,4
2022-05-30,AC,2
2022-05-30,AL,12
2022-05-30,AM,10
2022-05-30,AP,1
2022-05-30,BA,44
2022-05-30,CE,52
2022-05-30,DF,285
2022-05-30,ES,21
2022-05-30,GO,281
2022-05-30,MA,20
2022-05-30,MG,688
2022-05-30,MS,57
2022-05-30,MT,74
2022-05-30,PA,14
2022-05-30,PB,32
2022-05-30,PE,36
2022-05-30,PI,10
2022-05-30,PR,387
2022-05-30,RJ,507
2022-05-30,RN,31
2022-05-30,RO,26
2022-05-30,RR,1
2022-05-30,RS,388
2022-05-30,SC,177
2022-05-30,SE,10
2022-05-30,SP,2408
2022-05-30,TO,7
2022-06-06,AL,31
2022-06-06,AM,15
2022-06-06,AP,4
2022-06-06,BA,84
2022-06-06,CE,94
2022-06-06,DF,369
2022-06-06,ES,30
2022-06-06,GO,295
2022-06-06,MA,27
2022-06-06,MG,716
2022-06-06,MS,65
2022-06-06,MT,81
2022-06-06,PA,21
2022-06-06,PB,74
2022-06-06,PE,59
2022-06-06,PI,20
2022-06-06,PR,364
2022-06-06,RJ,680
2022-06-06,RN,68
2022-06-06,RO,28
2022-06-06,RR,2
2022-06-06,RS,356
2022-06-06,SC,185
2022-06-06,SE,19
2022-06-06,SP,2308
2022-06-06,TO,20
2022-06-13,AC,2
2022-06-13,AL,64
2022-06-13,AM,20
2022-06-13,AP,3
2022-06-13,BA,138
2022-06-13,CE,181
2022-06-13,DF,321
2022-06-13,ES,41
2022-06-13,GO,315
2022-06-13,MA,36
2022-06-13,MG,908
2022-06-13,MS,77
2022-06-13,MT,129
2022-06-13,PA,28
2022-06-13,PB,116
2022-06-13,PE,103
2022-06-13,PI,32
2022-06-13,PR,392
2022-06-13,RJ,735
2022-06-13,RN,77
2022-06-13,RO,36
2022-06-13,RR,5
2022-06-13,RS,312
2022-06-13,SC,220
2022-06-13,SE,23
2022-06-13,SP,2521
2022-06-13,TO,21
2022-06-20,AC,6
2022-06-20,AL,120
2022-06-20,AM,54
2022-06-20,AP,7
2022-06-20,BA,296
2022-06-20,CE,338
2022-06-20,DF,255
2022-06-20,ES,62
2022-06-20,GO,348
2022-06-20,MA,62
2022-06-20,MG,1007
2022-06-20,MS,73
2022-06-20,MT,127
2022-06-20,PA,51
2022-06-20,PB,135
2022-06-20,PE,158
2022-06-20,PI,70
2022-06-20,PR,343
2022-06-20,RJ,821
2022-06-20,RN,89
2022-06-20,RO,70
2022-06-20,RR,8
2022-06-20,RS,357
2022-06-20,SC,245
2022-06-20,SE,45
2022-06-20,SP,2609
2022-06-20,TO,48
2022-06-27,AC,13
2022-06-27,AL,154
2022-06-27,AM,79
2022-06-27,AP,13
2022-06-27,BA,484
2022-06-27,CE,382
2022-06-27,DF,209
2022-06-27,ES,62
2022-06-27,GO,261
2022-06-27,MA,90
2022-06-27,MG,966
2022-06-27,MS,84
2022-06-27,MT,155
2022-06-27,PA,101
2022-06-27,PB,143
2022-06-27,PE,155
2022-06-27,PI,112
2022-06-27,PR,346
2022-06-27,RJ,642
2022-06-27,RN,93
2022-06-27,RO,75
2022-06-27,RR,14
2022-06-27,RS,314
2022-06-27,SC,210
2022-06-27,SE,75
2022-06-27,SP,2319
2022-06-27,TO,43
2022-07-04,AC,15
2022-07-04,AL,120
2022-07-04,AM,113
2022-07-04,AP,13
2022-07-04,BA,436
2022-07-04,CE,387
2022-07-04,DF,126
2022-07-04,ES,53
2022-07-04,GO,260
2022-07-04,MA,93
2022-07-04,MG,893
2022-07-04,MS,89
2022-07-04,MT,150
2022-07-04,PA,197
2022-07-04,PB,114
2022-07-04,PE,130
2022-07-04,PI,93
2022-07-04,PR,326
2022-07-04,RJ,440
2022-07-04,RN,79
2022-07-04,RO,68
2022-07-04,RR,13
2022-07-04,RS,351
2022-07-04,SC,180
2022-07-04,SE,97
2022-07-04,SP,1866
2022-07-04,TO,40
2022-07-11,AC,11
2022-07-11,AL,64
2022-07-11,AM,111
2022-07-11,AP,15
2022-07-11,BA,287
2022-07-11,CE,253
2022-07-11,DF,70
2022-07-11,ES,21
2022-07-11,GO,155
2022-07-11,MA,65
2022-07-11,MG,684
2022-07-11,MS,98
2022-07-11,MT,99
2022-07-11,PA,192
2022-07-11,PB,74
2022-07-11,PE,85
2022-07-11,PI,92
2022-07-11,PR,275
2022-07-11,RJ,280
2022-07-11,RN,64
2022-07-11,RO,64
2022-07-11,RR,13
2022-07-11,RS,318
2022-07-11,SC,186
2022-07-11,SE,55
2022-07-11,SP,1366
2022-07-11,TO,35
2022-07-18,AC,10
2022-07-18,AL,41
2022-07-18,AM,101
2022-07-18,AP,5
2022-07-18,BA,180
2022-07-18,CE,161
2022-07-18,DF,71
2022-07-18,ES,19
2022-07-18,GO,135
2022-07-18,MA,29
2022-07-18,MG,505
2022-07-18,MS,74
2022-07-18,MT,90
2022-07-18,PA,141
2022-07-18,PB,41
2022-07-18,PE,42
2022-07-18,PI,68
2022-07-18,PR,262
2022-07-18,RJ,165
2022-07-18,RN,31
2022-07-18,RO,43
2022-07-18,RR,4
2022-07-18,RS,354
2022-07-18,SC,160
2022-07-18,SE,32
2022-07-18,SP,953
2022-07-18,TO,27
2022-07-25,AC,9
2022-07-25,AL,16
2022-07-25,AM,66
2022-07-25,AP,7
2022-07-25,BA,105
2022-07-25,CE,75
2022-07-25,DF,34
2022-07-25,ES,12
2022-07-25,GO,73
2022-07-25,MA,13
2022-07-25,MG,326
2022-07-25,MS,61
2022-07-25,MT,59
2022-07-25,PA,82
2022-07-25,PB,20
2022-07-25,PE,26
2022-07-25,PI,32
2022-07-25,PR,230
2022-07-25,RJ,115
2022-07-25,RN,34
2022-07-25,RO,30
2022-07-25,RR,2
2022-07-25,RS,296
2022-07-25,SC,130
2022-07-25,SE,14
2022-07-25,SP,676
2022-07-25,TO,10
2022-08-01,AC,12
2022-08-01,AL,18
2022-08-01,AM,53
2022-08-01,AP,6
2022-08-01,BA,82
2022-08-01,CE,47
2022-08-01,DF,28
2022-08-01,ES,7
2022-08-01,GO,83
2022-08-01,MA,14
2022-08-01,MG,258
2022-08-01,MS,55
2022-08-01,MT,21
2022-08-01,PA,40
2022-08-01,PB,18
2022-08-01,PE,30
2022-08-01,PI,21
2022-08-01,PR,239
2022-08-01,RJ,88
2022-08-01,RN,24
2022-08-01,RO,16
2022-08-01,RR,1
2022-08-01,RS,272
2022-08-01,SC,111
2022-08-01,SE,10
2022-08-01,SP,585
2022-08-01,TO,7
2022-08-08,AC,8
2022-08-08,AL,9
2022-08-08,AM,28
2022-08-08,AP,2
2022-08-08,BA,44
2022-08-08,CE,33
2022-08-08,DF,17
2022-08-08,ES,7
2022-08-08,GO,45
2022-08-08,MA,8
2022-08-08,MG,170
2022-08-08,MS,49
2022-08-08,MT,26
2022-08-08,PA,38
2022-08-08,PB,10
2022-08-08,PE,19
2022-08-08,PI,23
2022-08-08,PR,202
2022-08-08,RJ,62
2022-08-08,RN,16
2022-08-08,RO,10
2022-08-08,RS,223
2022-08-08,SC,90
2022-08-08,SE,7
2022-08-08,SP,436
2022-08-08,TO,9
2022-08-15,AC,3
2022-08-15,AL,3
2022-08-15,AM,14
2022-08-15,AP,1
2022-08-15,BA,39
2022-08-15,CE,26
2022-08-15,DF,22
2022-08-15,ES,5
2022-08-15,GO,49
2022-08-15,MA,10
2022-08-15,MG,137
2022-08-15,MS,42
2022-08-15,MT,31
2022-08-15,PA,19
2022-08-15,PB,14
2022-08-15,PE,7
2022-08-15,PI,12
2022-08-15,PR,185
2022-08-15,RJ,51
2022-08-15,RN,16
2022-08-15,RO,10
2022-08-15,RR,1
2022-08-15,RS,206
2022-08-15,SC,75
2022-08-15,SE,4
2022-08-15,SP,377
2022-08-15,TO,1
2022-08-22,AC,2
2022-08-22,AL,5
2022-08-22,AM,9
2022-08-22,BA,27
2022-08-22,CE,8
2022-08-22,DF,18
2022-08-22,ES,2
2022-08-22,GO,35
2022-08-22,MA,3
2022-08-22,MG,74
2022-08-22,MS,26
2022-08-22,MT,7
2022-08-22,PA,24
2022-08-22,PB,4
2022-08-22,PE,12
2022-08-22,PI,9
2022-08-22,PR,141
2022-08-22,RJ,49
2022-08-22,RN,9
2022-08-22,RO,4
2022-08-22,RS,189
2022-08-22,SC,71
2022-08-22,SE,1
2022-08-22,SP,268
2022-08-22,TO,6
2022-08-29,AC,1
2022-08-29,AM,5
2022-08-29,AP,1
2022-08-29,BA,20
2022-08-29,CE,12
2022-08-29,DF,11
2022-08-29,ES,2
2022-08-29,GO,24
2022-08-29,MA,5
2022-08-29,MG,75
2022-08-29,MS,12
2022-08-29,MT,7
2022-08-29,PA,14
2022-08-29,PB,3
2022-08-29,PE,12
2022-08-29,PI,10
2022-08-29,PR,123
2022-08-29,RJ,39
2022-08-29,RN,9
2022-08-29,RO,5
2022-08-29,RS,117
2022-08-29,SC,53
2022-08-29,SE,2
2022-08-29,SP,207
2022-08-29,TO,3
2022-09-05,AC,3
2022-09-05,AL,2
2022-09-05,AM,8
2022-09-05,BA,17
2022-09-05,CE,8
2022-09-05,DF,20
2022-09-05,GO,27
2022-09-05,MA,4
2022-09-05,MG,52
2022-09-05,MS,20
2022-09-05,MT,7
2022-09-05,PA,4
2022-09-05,PB,4
2022-09-05,PE,6
2022-09-05,PI,6
2022-09-05,PR,86
2022-09-05,RJ,31
2022-09-05,RN,3
2022-09-05,RO,1
2022-09-05,RS,91
2022-09-05,SC,48
2022-09-05,SE,1
2022-09-05,SP,180
2022-09-12,AC,1
2022-09-12,AL,2
2022-09-12,AM,4
2022-09-12,BA,18
2022-09-12,CE,11
2022-09-12,DF,11
2022-09-12,GO,16
2022-09-12,MA,1
2022-09-12,MG,41
2022-09-12,MS,5
2022-09-12,PA,7
2022-09-12,PB,2
2022-09-12,PE,6
2022-09-12,PI,5
2022-09-12,PR,53
2022-09-12,RJ,27
2022-09-12,RN,5
2022-09-12,RO,3
2022-09-12,RS,70
2022-09-12,SC,44
2022-09-12,SE,1
2022-09-12,SP,129
2022-09-12,TO,1
2022-09-19,AL,3
2022-09-19,AM,9
2022-09-19,AP,2
2022-09-19,BA,19
2022-09-19,CE,9
2022-09-19,DF,11
2022-09-19,GO,12
2022-09-19,MA,5
2022-09-19,MG,48
2022-09-19,MS,3
2022-09-19,MT,5
2022-09-19,PA,5
2022-09-19,PB,1
2022-09-19,PE,6
2022-09-19,PR,65
2022-09-19,RJ,33
2022-09-19,RN,5
2022-09-19,RO,2
2022-09-19,RS,53
2022-09-19,SC,31
2022-09-19,SE,1
2022-09-19,SP,111
2022-09-26,AL,5
2022-09-26,AM,13
2022-09-26,AP,1
2022-09-26,BA,14
2022-09-26,CE,8
2022-09-26,DF,12
2022-09-26,ES,1
2022-09-26,GO,7
2022-09-26,MA,6
2022-09-26,MG,42
2022-09-26,MS,7
2022-09-26,MT,1
2022-09-26,PA,19
2022-09-26,PE,11
2022-09-26,PI,2
2022-09-26,PR,57
2022-09-26,RJ,22
2022-09-26,RN,3
2022-09-26,RO,4
2022-09-26,RS,37
2022-09-26,SC,27
2022-09-26,SE,3
2022-09-26,SP,138
2022-10-03,AL,2
2022-10-03,AM,21
2022-10-03,BA,7
2022-10-03,CE,8
2022-10-03,DF,10
2022-10-03,GO,15
2022-10-03,MA,3
2022-10-03,MG,33
2022-10-03,MS,1
2022-10-03,MT,4
2022-10-03,PA,6
2022-10-03,PB,3
2022-10-03,PE,4
2022-10-03,PI,3
2022-10-03,PR,41
2022-10-03,RJ,26
2022-10-03,RN,5
2022-10-03,RR,1
2022-10-03,RS,30
2022-10-03,SC,12
2022-10-03,SP,123
2022-10-03,TO,1
2022-10-10,AL,4
2022-10-10,AM,35
2022-10-10,BA,18
2022-10-10,CE,11
2022-10-10,DF,19
2022-10-10,GO,8
2022-10-10,MA,1
2022-10-10,MG,28
2022-10-10,MS,1
2022-10-10,MT,3
2022-10-10,PA,14
2022-10-10,PB,5
2022-10-10,PE,8
2022-10-10,PI,5
2022-10-10,PR,52
2022-10-10,RJ,51
2022-10-10,RN,2
2022-10-10,RS,20
2022-10-10,SC,16
2022-10-10,SE,1
2022-10-10,SP,172
2022-10-10,TO,2
2022-10-17,AL,3
2022-10-17,AM,56
2022-10-17,BA,12
2022-10-17,CE,7
2022-10-17,DF,6
2022-10-17,GO,9
2022-10-17,MA,3
2022-10-17,MG,36
2022-10-17,MS,1
2022-10-17,MT,2
2022-10-17,PA,16
2022-10-17,PB,3
2022-10-17,PE,13
2022-10-17,PI,5
2022-10-17,PR,35
2022-10-17,RJ,57
2022-10-17,RN,1
2022-10-17,RS,37
2022-10-17,SC,20
2022-10-17,SE,1
2022-10-17,SP,222
2022-10-24,AC,1
2022-10-24,AL,4
2022-10-24,AM,37
2022-10-24,AP,1
2022-10-24,BA,13
2022-10-24,CE,14
2022-10-24,DF,11
2022-10-24,ES,2
2022-10-24,GO,12
2022-10-24,MA,1
2022-10-24,MG,43
2022-10-24,MS,2
2022-10-24,MT,3
2022-10-24,PA,12
2022-10-24,PB,10
2022-10-24,PE,18
2022-10-24,PI,7
2022-10-24,PR,62
2022-10-24,RJ,109
2022-10-24,RN,6
2022-10-24,RO,1
2022-10-24,RR,1
2022-10-24,RS,32
2022-10-24,SC,22
2022-10-24,SE,1
2022-10-24,SP,378
2022-10-31,AL,11
2022-10-31,AM,51
2022-10-31,AP,1
2022-10-31,BA,32
2022-10-31,CE,24
2022-10-31,DF,22
2022-10-31,ES,4
2022-10-31,GO,20
2022-10-31,MA,14
2022-10-31,MG,75
2022-10-31,MS,13
2022-10-31,MT,5
2022-10-31,PA,26
2022-10-31,PB,45
2022-10-31,PE,57
2022-10-31,PI,3
2022-10-31,PR,79
2022-10-31,RJ,236
2022-10-31,RN,6
2022-10-31,RO,4
2022-10-31,RR,2
2022-10-31,RS,44
2022-10-31,SC,50
2022-10-31,SE,5
2022-10-31,SP,789
2022-10-31,TO,1
2022-11-07,AL,11
2022-11-07,AM,40
2022-11-07,AP,5
2022-11-07,BA,80
2022-11-07,CE,45
2022-11-07,DF,59
2022-11-07,ES,3
2022-11-07,GO,45
2022-11-07,MA,39
2022-11-07,MG,228
2022-11-07,MS,12
2022-11-07,MT,8
2022-11-07,PA,30
2022-11-07,PB,130
2022-11-07,PE,126
2022-11-07,PI,13
2022-11-07,PR,173
2022-11-07,RJ,557
2022-11-07,RN,12
2022-11-07,RO,4
2022-11-07,RR,2
2022-11-07,RS,78
2022-11-07,SC,114
2022-11-07,SE,20
2022-11-07,SP,1516
2022-11-07,TO,4
2022-11-14,AC,8
2022-11-14,AL,34
2022-11-14,AM,30
2022-11-14,AP,6
2022-11-14,BA,231
2022-11-14,CE,150
2022-11-14,DF,99
2022-11-14,ES,13
2022-11-14,GO,98
2022-11-14,MA,56
2022-11-14,MG,473
2022-11-14,MS,34
2022-11-14,MT,18
2022-11-14,PA,31
2022-11-14,PB,174
2022-11-14,PE,135
2022-11-14,PI,28
2022-11-14,PR,310
2022-11-14,RJ,603
2022-11-14,RN,58
2022-11-14,RO,6
2022-11-14,RR,7
2022-11-14,RS,126
2022-11-14,SC,163
2022-11-14,SE,57
2022-11-14,SP,1723
2022-11-14,TO,8
2022-11-21,AC,7
2022-11-21,AL,53
2022-11-21,AM,11
2022-11-21,BA,312
2022-11-21,CE,204
2022-11-21,DF,141
2022-11-21,ES,17
2022-11-21,GO,109
2022-11-21,MA,26
2022-11-21,MG,702
2022-11-21,MS,48
2022-11-21,MT,48
2022-11-21,PA,26
2022-11-21,PB,134
2022-11-21,PE,111
2022-11-21,PI,64
2022-11-21,PR,324
2022-11-21,RJ,441
2022-11-21,RN,72
2022-11-21,RO,19
2022-11-21,RR,3
2022-11-21,RS,187
2022-11-21,SC,189
2022-11-21,SE,100
2022-11-21,SP,1419
2022-11-21,TO,12
2022-11-28,AC,8
2022-11-28,AL,91
2022-11-28,AM,11
2022-11-28,BA,382
2022-11-28,CE,195
2022-11-28,DF,196
2022-11-28,ES,25
2022-11-28,GO,165
2022-11-28,MA,42
2022-11-28,MG,829
2022-11-28,MS,72
2022-11-28,MT,64
2022-11-28,PA,33
2022-11-28,PB,111
2022-11-28,PE,75
2022-11-28,PI,74
2022-11-28,PR,390
2022-11-28,RJ,366
2022-11-28,RN,69
2022-11-28,RO,17
2022-11-28,RR,4
2022-11-28,RS,292
2022-11-28,SC,211
2022-11-28,SE,67
2022-11-28,SP,1333
2022-11-28,TO,21
2022-12-05,AC,13
2022-12-05,AL,89
2022-12-05,AM,4
2022-12-05,AP,2
2022-12-05,BA,303
2022-12-05,CE,167
2022-12-05,DF,237
2022-12-05,ES,29
2022-12-05,GO,185
2022-12-05,MA,32
2022-12-05,MG,912
2022-12-05,MS,76
2022-12-05,MT,76
2022-12-05,PA,34
2022-12-05,PB,70
2022-12-05,PE,60
2022-12-05,PI,76
2022-12-05,PR,484
2022-12-05,RJ,277
2022-12-05,RN,66
2022-12-05,RO,14
2022-12-05,RR,3
2022-12-05,RS,335
2022-12-05,SC,224
2022-12-05,SE,46
2022-12-05,SP,1271
2022-12-05,TO,18
2022-12-12,AC,7
2022-12-12,AL,62
2022-12-12,AM,2
2022-12-12,AP,1
2022-12-12,BA,196
2022-12-12,CE,101
2022-12-12,DF,177
2022-12-12,ES,34
2022-12-12,GO,173
2022-12-12,MA,34
2022-12-12,MG,699
2022-12-12,MS,108
2022-12-12,MT,86
2022-12-12,PA,26
2022-12-12,PB,23
2022-12-12,PE,32
2022-12-12,PI,49
2022-12-12,PR,435
2022-12-12,RJ,158
2022-12-12,RN,36
2022-12-12,RO,18
2022-12-12,RS,357
2022-12-12,SC,184
2022-12-12,SE,27
2022-12-12,SP,1243
2022-12-12,TO,21
2022-12-19,AC,6
2022-12-19,AL,37
2022-12-19,AM,7
2022-12-19,BA,114
2022-12-19,CE,56
2022-12-19,DF,142
2022-12-19,ES,11
2022-12-19,GO,155
2022-12-19,MA,7
2022-12-19,MG,569
2022-12-19,MS,107
2022-12-19,MT,96
2022-12-19,PA,25
2022-12-19,PB,10
2022-12-19,PE,34
2022-12-19,PI,29
2022-12-19,PR,439
2022-12-19,RJ,140
2022-12-19,RN,15
2022-12-19,RO,17
2022-12-19,RS,460
2022-12-19,SC,156
2022-12-19,SE,13
2022-12-19,SP,1089
2022-12-19,TO,15
2022-12-26,AC,3
2022-12-26,AL,20
2022-12-26,AM,16
2022-12-26,AP,4
2022-12-26,BA,67
2022-12-26,CE,41
2022-12-26,DF,75
2022-12-26,ES,15
2022-12-26,GO,123
2022-12-26,MA,11
2022-12-26,MG,463
2022-12-26,MS,100
2022-12-26,MT,58
2022-12-26,PA,24
2022-12-26,PB,12
2022-12-26,PE,19
2022-12-26,PI,14
2022-12-26,PR,328
2022-12-26,RJ,119
2022-12-26,RN,9
2022-12-26,RO,20
2022-12-26,RS,344
2022-12-26,SC,139
2022-12-26,SE,9
2022-12-26,SP,887
2022-12-26,TO,16
2023-01-02,AL,6
2023-01-02,AM,5
2023-01-02,AP,4
2023-01-02,BA,47
2023-01-02,CE,26
2023-01-02,DF,61
2023-01-02,ES,12
2023-01-02,GO,76
2023-01-02,MA,4
2023-01-02,MG,319
2023-01-02,MS,60
2023-01-02,MT,42
2023-01-02,PA,18
2023-01-02,PB,4
2023-01-02,PE,21
2023-01-02,PI,20
2023-01-02,PR,215
2023-01-02,RJ,80
2023-01-02,RN,5
2023-01-02,RO,7
2023-01-02,RS,214
2023-01-02,SC,79
2023-01-02,SE,15
2023-01-02,SP,653
2023-01-02,TO,14
2023-01-09,AC,2
2023-01-09,AL,10
2023-01-09,AM,8
2023-01-09,AP,1
2023-01-09,BA,17
2023-01-09,CE,20
2023-01-09,DF,30
2023-01-09,ES,7
2023-01-09,GO,57
2023-01-09,MA,5
2023-01-09,MG,222
2023-01-09,MS,42
2023-01-09,MT,31
2023-01-09,PA,10
2023-01-09,PB,2
2023-01-09,PE,11
2023-01-09,PI,12
2023-01-09,PR,148
2023-01-09,RJ,50
2023-01-09,RN,6
2023-01-09,RO,10
2023-01-09,RS,120
2023-01-09,SC,54
2023-01-09,SE,7
2023-01-09,SP,561
2023-01-09,TO,8
2023-01-16,AC,2
2023-01-16,AL,3
2023-01-16,AM,9
2023-01-16,AP,2
2023-01-16,BA,8
2023-01-16,CE,20
2023-01-16,DF,27
2023-01-16,ES,7
2023-01-16,GO,40
2023-01-16,MA,6
2023-01-16,MG,129
2023-01-16,MS,25
2023-01-16,MT,25
2023-01-16,PA,13
2023-01-16,PB,3
2023-01-16,PE,17
2023-01-16,PI,6
2023-01-16,PR,79
2023-01-16,RJ,57
2023-01-16,RN,3
2023-01-16,RO,2
2023-01-16,RS,88
2023-01-16,SC,41
2023-01-16,SE,5
2023-01-16,SP,395
2023-01-16,TO,13
2023-01-23,AC,2
2023-01-23,AL,5
2023-01-23,AM,22
2023-01-23,AP,5
2023-01-23,BA,7
2023-01-23,CE,11
2023-01-23,DF,15
2023-01-23,ES,4
2023-01-23,GO,40
2023-01-23,MA,2
2023-01-23,MG,81
2023-01-23,MS,16
2023-01-23,MT,9
2023-01-23,PA,19
2023-01-23,PB,6
2023-01-23,PE,11
2023-01-23,PI,3
2023-01-23,PR,59
2023-01-23,RJ,46
2023-01-23,RN,2
2023-01-23,RO,5
2023-01-23,RR,1
2023-01-23,RS,53
2023-01-23,SC,28
2023-01-23,SE,1
2023-01-23,SP,362
2023-01-23,TO,5
2023-01-30,AC,1
2023-01-30,AL,1
2023-01-30,AM,49
2023-01-30,AP,6
2023-01-30,BA,16
2023-01-30,CE,14
2023-01-30,DF,17
2023-01-30,ES,1
2023-01-30,GO,37
2023-01-30,MA,6
2023-01-30,MG,87
2023-01-30,MS,21
2023-01-30,MT,14
2023-01-30,PA,13
2023-01-30,PB,2
2023-01-30,PE,13
2023-01-30,PI,3
2023-01-30,PR,69
2023-01-30,RJ,61
2023-01-30,RN,2
2023-01-30,RO,5
2023-01-30,RS,42
2023-01-30,SC,24
2023-01-30,SE,1
2023-01-30,SP,422
2023-01-30,TO,13
2023-02-06,AC,6
2023-02-06,AL,6
2023-02-06,AM,75
2023-02-06,AP,2
2023-02-06,BA,12
2023-02-06,CE,17
2023-02-06,DF,19
2023-02-06,ES,2
2023-02-06,GO,38
2023-02-06,MA,8
2023-02-06,MG,87
2023-02-06,MS,18
2023-02-06,MT,12
2023-02-06,PA,18
2023-02-06,PB,2
2023-02-06,PE,12
2023-02-06,PI,7
2023-02-06,PR,52
2023-02-06,RJ,69
2023-02-06,RN,4
2023-02-06,RS,35
2023-02-06,SC,24
2023-02-06,SP,563
2023-02-06,TO,5
2023-02-13,AC,1
2023-02-13,AL,3
2023-02-13,AM,78
2023-02-13,BA,12
2023-02-13,CE,11
2023-02-13,DF,16
2023-02-13,ES,1
2023-02-13,GO,36
2023-02-13,MA,6
2023-02-13,MG,97
2023-02-13,MS,14
2023-02-13,MT,13
2023-02-13,PA,34
2023-02-13,PB,4
2023-02-13,PE,13
2023-02-13,PI,2
2023-02-13,PR,54
2023-02-13,RJ,86
2023-02-13,RN,4
2023-02-13,RO,4
2023-02-13,RS,32
2023-02-13,SC,19
2023-02-13,SP,671
2023-02-13,TO,7
2023-02-20,AC,3
2023-02-20,AL,2
2023-02-20,AM,49
2023-02-20,AP,3
2023-02-20,BA,24
2023-02-20,CE,20
2023-02-20,DF,22
2023-02-20,ES,7
2023-02-20,GO,21
2023-02-20,MA,9
2023-02-20,MG,87
2023-02-20,MS,14
2023-02-20,MT,12
2023-02-20,PA,36
2023-02-20,PB,5
2023-02-20,PE,15
2023-02-20,PI,1
2023-02-20,PR,66
2023-02-20,RJ,154
2023-02-20,RN,5
2023-02-20,RO,2
2023-02-20,RS,35
2023-02-20,SC,30
2023-02-20,SE,1
2023-02-20,SP,748
2023-02-20,TO,19
2023-02-27,AC,2
2023-02-27,AL,4
2023-02-27,AM,34
2023-02-27,BA,33
2023-02-27,CE,23
2023-02-27,DF,28
2023-02-27,ES,3
2023-02-27,GO,25
2023-02-27,MA,10
2023-02-27,MG,97
2023-02-27,MS,26
2023-02-27,MT,12
2023-02-27,PA,45
2023-02-27,PB,4
2023-02-27,PE,20
2023-02-27,PI,4
2023-02-27,PR,87
2023-02-27,RJ,197
2023-02-27,RN,3
2023-02-27,RO,4
2023-02-27,RR,1
2023-02-27,RS,44
2023-02-27,SC,33
2023-02-27,SE,8
2023-02-27,SP,856
2023-02-27,TO,11
2023-03-06,AC,1
2023-03-06,AL,3
2023-03-06,AM,32
2023-03-06,AP,1
2023-03-06,BA,23
2023-03-06,CE,34
2023-03-06,DF,45
2023-03-06,ES,5
2023-03-06,GO,26
2023-03-06,MA,13
2023-03-06,MG,89
2023-03-06,MS,14
2023-03-06,MT,6
2023-03-06,PA,24
2023-03-06,PB,2
2023-03-06,PE,11
2023-03-06,PI,4
2023-03-06,PR,82
2023-03-06,RJ,205
2023-03-06,RN,12
2023-03-06,RO,2
2023-03-06,RS,72
2023-03-06,SC,40
2023-03-06,SE,4
2023-03-06,SP,739
2023-03-06,TO,17
2023-03-13,AC,3
2023-03-13,AL,4
2023-03-13,AM,25
2023-03-13,AP,1
2023-03-13,BA,24
2023-03-13,CE,32
2023-03-13,DF,33
2023-03-13,ES,6
2023-03-13,GO,40
2023-03-13,MA,13
2023-03-13,MG,87
2023-03-13,MS,18
2023-03-13,MT,14
2023-03-13,PA,13
2023-03-13,PB,1
2023-03-13,PE,16
2023-03-13,PI,6
2023-03-13,PR,68
2023-03-13,RJ,185
2023-03-13,RN,7
2023-03-13,RO,3
2023-03-13,RS,104
2023-03-13,SC,42
2023-03-13,SE,2
2023-03-13,SP,685
2023-03-13,TO,12
2023-03-20,AC,4
2023-03-20,AL,2
2023-03-20,AM,14
2023-03-20,BA,24
2023-03-20,CE,53
2023-03-20,DF,42
2023-03-20,ES,9
2023-03-20,GO,31
2023-03-20,MA,8
2023-03-20,MG,81
2023-03-20,MS,26
2023-03-20,MT,15
2023-03-20,PA,11
2023-03-20,PB,4
2023-03-20,PE,24
2023-03-20,PI,3
2023-03-20,PR,66
2023-03-20,RJ,139
2023-03-20,RN,15
2023-03-20,RO,1
2023-03-20,RS,122
2023-03-20,SC,57
2023-03-20,SE,3
2023-03-20,SP,571
2023-03-20,TO,5
2023-03-27,AC,3
2023-03-27,AL,7
2023-03-27,AM,11
2023-03-27,AP,2
2023-03-27,BA,26
2023-03-27,CE,71
2023-03-27,DF,44
2023-03-27,ES,9
2023-03-27,GO,44
2023-03-27,MA,7
2023-03-27,MG,90
2023-03-27,MS,17
2023-03-27,MT,9
2023-03-27,PA,16
2023-03-27,PB,4
2023-03-27,PE,21
2023-03-27,PI,2
2023-03-27,PR,60
2023-03-27,RJ,104
2023-03-27,RN,13
2023-03-27,RR,4
2023-03-27,RS,153
2023-03-27,SC,40
2023-03-27,SE,4
2023-03-27,SP,396
2023-03-27,TO,11
2023-04-03,AC,8
2023-04-03,AL,15
2023-04-03,AM,6
2023-04-03,AP,1
2023-04-03,BA,21
2023-04-03,CE,119
2023-04-03,DF,41
2023-04-03,ES,6
2023-04-03,GO,31
2023-04-03,MA,16
2023-04-03,MG,56
2023-04-03,MS,15
2023-04-03,MT,14
2023-04-03,PA,9
2023-04-03,PB,5
2023-04-03,PE,34
2023-04-03,PI,10
2023-04-03,PR,65
2023-04-03,RJ,106
2023-04-03,RN,13
2023-04-03,RO,1
2023-04-03,RR,1
2023-04-03,RS,165
2023-04-03,SC,48
2023-04-03,SE,11
2023-04-03,SP,309
2023-04-03,TO,2
2023-04-10,AC,9
2023-04-10,AL,17
2023-04-10,AM,5
2023-04-10,BA,32
2023-04-10,CE,113
2023-04-10,DF,42
2023-04-10,ES,5
2023-04-10,GO,42
2023-04-10,MA,11
2023-04-10,MG,64
2023-04-10,MS,17
2023-04-10,MT,10
2023-04-10,PA,6
2023-04-10,PB,6
2023-04-10,PE,36
2023-04-10,PI,7
2023-04-10,PR,61
2023-04-10,RJ,106
2023-04-10,RN,15
2023-04-10,RO,2
2023-04-10,RR,3
2023-04-10,RS,129
2023-04-10,SC,43
2023-04-10,SE,9
2023-04-10,SP,265
2023-04-10,TO,10
2023-04-17,AC,8
2023-04-17,AL,19
2023-04-17,AM,1
2023-04-17,AP,2
2023-04-17,BA,30
2023-04-17,CE,71
2023-04-17,DF,44
2023-04-17,ES,10
2023-04-17,GO,43
2023-04-17,MA,11
2023-04-17,MG,71
2023-04-17,MS,12
2023-04-17,MT,10
2023-04-17,PA,9
2023-04-17,PB,9
2023-04-17,PE,47
2023-04-17,PI,6
2023-04-17,PR,49
2023-04-17,RJ,79
2023-04-17,RN,28
2023-04-17,RO,8
2023-04-17,RR,1
2023-04-17,RS,125
2023-04-17,SC,38
2023-04-17,SE,10
2023-04-17,SP,230
2023-04-17,TO,5
2023-04-24,AC,5
2023-04-24,AL,16
2023-04-24,AM,4
2023-04-24,AP,1
2023-04-24,BA,25
2023-04-24,CE,54
2023-04-24,DF,29
2023-04-24,ES,7
2023-04-24,GO,21
2023-04-24,MA,10
2023-04-24,MG,60
2023-04-24,MS,15
2023-04-24,MT,9
2023-04-24,PA,5
2023-04-24,PB,12
2023-04-24,PE,47
2023-04-24,PI,9
2023-04-24,PR,73
2023-04-24,RJ,60
2023-04-24,RN,17
2023-04-24,RO,3
2023-04-24,RR,1
2023-04-24,RS,99
2023-04-24,SC,40
2023-04-24,SE,16
2023-04-24,SP,168
2023-04-24,TO,13
2023-05-01,AC,10
2023-05-01,AL,21
2023-05-01,AM,3
2023-05-01,AP,2
2023-05-01,BA,32
2023-05-01,CE,61
2023-05-01,DF,40
2023-05-01,ES,7
2023-05-01,GO,36
2023-05-01,MA,14
2023-05-01,MG,75
2023-05-01,MS,11
2023-05-01,MT,8
2023-05-01,PA,4
2023-05-01,PB,20
2023-05-01,PE,58
2023-05-01,PI,25
2023-05-01,PR,54
2023-05-01,RJ,47
2023-05-01,RN,23
2023-05-01,RO,1
2023-05-01,RR,1
2023-05-01,RS,106
2023-05-01,SC,47
2023-05-01,SE,15
2023-05-01,SP,168
2023-05-01,TO,14
2023-05-08,AC,7
2023-05-08,AL,23
2023-05-08,AM,2
2023-05-08,BA,25
2023-05-08,CE,35
2023-05-08,DF,40
2023-05-08,ES,8
2023-05-08,GO,31
2023-05-08,MA,6
2023-05-08,MG,70
2023-05-08,MS,12
2023-05-08,MT,11
2023-05-08,PA,11
2023-05-08,PB,32
2023-05-08,PE,47
2023-05-08,PI,14
2023-05-08,PR,42
2023-05-08,RJ,50
2023-05-08,RN,36
2023-05-08,RO,5
2023-05-08,RS,70
2023-05-08,SC,45
2023-05-08,SE,15
2023-05-08,SP,183
2023-05-08,TO,8
2023-05-15,AC,8
2023-05-15,AL,29
2023-05-15,AM,4
2023-05-15,AP,1
2023-05-15,BA,23
2023-05-15,CE,33
2023-05-15,DF,35
2023-05-15,ES,5
2023-05-15,GO,44
2023-05-15,MA,11
2023-05-15,MG,89
2023-05-15,MS,29
2023-05-15,MT,11
2023-05-15,PA,15
2023-05-15,PB,41
2023-05-15,PE,38
2023-05-15,PI,19
2023-05-15,PR,47
2023-05-15,RJ,35
2023-05-15,RN,7
2023-05-15,RO,2
2023-05-15,RR,1
2023-05-15,RS,80
2023-05-15,SC,46
2023-05-15,SE,30
2023-05-15,SP,211
2023-05-15,TO,15
2023-05-22,AC,5
2023-05-22,AL,23
2023-05-22,AM,3
2023-05-22,AP,3
2023-05-22,BA,18
2023-05-22,CE,32
2023-05-22,DF,35
2023-05-22,ES,3
2023-05-22,GO,31
2023-05-22,MA,8
2023-05-22,MG,74
2023-05-22,MS,21
2023-05-22,MT,14
2023-05-22,PA,8
2023-05-22,PB,44
2023-05-22,PE,32
2023-05-22,PI,11
2023-05-22,PR,43
2023-05-22,RJ,39
2023-05-22,RN,15
2023-05-22,RO,7
2023-05-22,RR,2
2023-05-22,RS,45
2023-05-22,SC,42
2023-05-22,SE,32
2023-05-22,SP,151
2023-05-22,TO,11
2023-05-29,AC,5
2023-05-29,AL,24
2023-05-29,AM,2
2023-05-29,AP,3
2023-05-29,BA,17
2023-05-29,CE,18
2023-05-29,DF,27
2023-05-29,ES,5
2023-05-29,GO,38
2023-05-29,MA,6
2023-05-29,MG,89
2023-05-29,MS,10
2023-05-29,MT,16
2023-05-29,PA,9
2023-05-29,PB,31
2023-05-29,PE,37
2023-05-29,PI,13
2023-05-29,PR,46
2023-05-29,RJ,29
2023-05-29,RN,8
2023-05-29,RO,8
2023-05-29,RR,1
2023-05-29,RS,41
2023-05-29,SC,31
2023-05-29,SE,28
2023-05-29,SP,136
2023-05-29,TO,9
2023-06-05,AC,4
2023-06-05,AL,17
2023-06-05,AM,3
2023-06-05,BA,19
2023-06-05,CE,21
2023-06-05,DF,31
2023-06-05,ES,2
2023-06-05,GO,37
2023-06-05,MA,8
2023-06-05,MG,59
2023-06-05,MS,9
2023-06-05,MT,23
2023-06-05,PA,10
2023-06-05,PB,23
2023-06-05,PE,31
2023-06-05,PI,6
2023-06-05,PR,34
2023-06-05,RJ,31
2023-06-05,RN,12
2023-06-05,RO,11
2023-06-05,RR,1
2023-06-05,RS,25
2023-06-05,SC,37
2023-06-05,SE,24
2023-06-05,SP,100
2023-06-05,TO,11
2023-06-12,AC,17
2023-06-12,AL,9
2023-06-12,AM,1
2023-06-12,AP,3
2023-06-12,BA,10
2023-06-12,CE,10
2023-06-12,DF,17
2023-06-12,ES,2
2023-06-12,GO,30
2023-06-12,MA,6
2023-06-12,MG,62
2023-06-12,MS,12
2023-06-12,MT,19
2023-06-12,PA,4
2023-06-12,PB,17
2023-06-12,PE,16
2023-06-12,PI,5
2023-06-12,PR,32
2023-06-12,RJ,40
2023-06-12,RN,15
2023-06-12,RO,8
2023-06-12,RR,2
2023-06-12,RS,25
2023-06-12,SC,24
2023-06-12,SE,20
2023-06-12,SP,114
2023-06-12,TO,7
2023-06-19,AC,5
2023-06-19,AL,7
2023-06-19,AM,5
2023-06-19,AP,8
2023-06-19,BA,6
2023-06-19,CE,15
2023-06-19,DF,25
2023-06-19,ES,3
2023-06-19,GO,30
2023-06-19,MA,7
2023-06-19,MG,66
2023-06-19,MS,13
2023-06-19,MT,14
2023-06-19,PA,6
2023-06-19,PB,8
2023-06-19,PE,14
2023-06-19,PI,5
2023-06-19,PR,28
2023-06-19,RJ,26
2023-06-19,RN,7
2023-06-19,RO,6
2023-06-19,RS,34
2023-06-19,SC,23
2023-06-19,SE,22
2023-06-19,SP,123
2023-06-19,TO,7
2023-06-26,AC,4
2023-06-26,AL,7
2023-06-26,AM,2
2023-06-26,AP,1
2023-06-26,BA,13
2023-06-26,CE,8
2023-06-26,DF,21
2023-06-26,ES,2
2023-06-26,GO,27
2023-06-26,MA,3
2023-06-26,MG,62
2023-06-26,MS,9
2023-06-26,MT,11
2023-06-26,PA,7
2023-06-26,PB,12
2023-06-26,PE,13
2023-06-26,PI,2
2023-06-26,PR,43
2023-06-26,RJ,32
2023-06-26,RN,6
2023-06-26,RO,5
2023-06-26,RS,17
2023-06-26,SC,17
2023-06-26,SE,10
2023-06-26,SP,128
2023-06-26,TO,3
2023-07-03,AC,5
2023-07-03,AL,1
2023-07-03,AM,2
2023-07-03,AP,1
2023-07-03,BA,9
2023-07-03,CE,5
2023-07-03,DF,9
2023-07-03,GO,25
2023-07-03,MG,52
2023-07-03,MS,10
2023-07-03,MT,13
2023-07-03,PA,8
2023-07-03,PB,4
2023-07-03,PE,8
2023-07-03,PI,3
2023-07-03,PR,41
2023-07-03,RJ,25
2023-07-03,RN,2
2023-07-03,RO,8
2023-07-03,RR,1
2023-07-03,RS,27
2023-07-03,SC,20
2023-07-03,SE,10
2023-07-03,SP,111
2023-07-03,TO,4
2023-07-10,AC,6
2023-07-10,AL,4
2023-07-10,AM,5
2023-07-10,AP,1
2023-07-10,BA,7
2023-07-10,CE,6
2023-07-10,DF,18
2023-07-10,ES,4
2023-07-10,GO,31
2023-07-10,MA,3
2023-07-10,MG,55
2023-07-10,MS,6
2023-07-10,MT,20
2023-07-10,PA,14
2023-07-10,PB,5
2023-07-10,PE,7
2023-07-10,PR,30
2023-07-10,RJ,18
2023-07-10,RN,5
2023-07-10,RO,5
2023-07-10,RS,21
2023-07-10,SC,9
2023-07-10,SE,8
2023-07-10,SP,111
2023-07-10,TO,5
2023-07-17,AC,3
2023-07-17,AL,3
2023-07-17,AP,1
2023-07-17,BA,4
2023-07-17,CE,1
2023-07-17,DF,15
2023-07-17,ES,1
2023-07-17,GO,35
2023-07-17,MA,1
2023-07-17,MG,45
2023-07-17,MS,7
2023-07-17,MT,5
2023-07-17,PA,11
2023-07-17,PB,3
2023-07-17,PE,6
2023-07-17,PI,1
2023-07-17,PR,20
2023-07-17,RJ,26
2023-07-17,RN,3
2023-07-17,RO,2
2023-07-17,RS,18
2023-07-17,SC,8
2023-07-17,SE,7
2023-07-17,SP,111
2023-07-17,TO,2
2023-07-24,AC,1
2023-07-24,AL,3
2023-07-24,AM,2
2023-07-24,AP,1
2023-07-24,BA,6
2023-07-24,CE,3
2023-07-24,DF,9
2023-07-24,GO,18
2023-07-24,MA,3
2023-07-24,MG,26
2023-07-24,MS,6
2023-07-24,MT,7
2023-07-24,PA,6
2023-07-24,PB,1
2023-07-24,PE,5
2023-07-24,PI,3
2023-07-24,PR,23
2023-07-24,RJ,21
2023-07-24,RN,3
2023-07-24,RO,1
2023-07-24,RS,19
2023-07-24,SC,15
2023-07-24,SE,2
2023-07-24,SP,147
2023-07-24,TO,2
2023-07-31,AC,1
2023-07-31,AL,3
2023-07-31,AM,9
2023-07-31,AP,1
2023-07-31,BA,5
2023-07-31,CE,1
2023-07-31,DF,12
2023-07-31,ES,2
2023-07-31,GO,23
2023-07-31,MA,3
2023-07-31,MG,34
2023-07-31,MS,7
2023-07-31,MT,15
2023-07-31,PA,6
2023-07-31,PB,3
2023-07-31,PE,4
2023-07-31,PI,2
2023-07-31,PR,18
2023-07-31,RJ,33
2023-07-31,RN,4
2023-07-31,RS,30
2023-07-31,SC,6
2023-07-31,SE,1
2023-07-31,SP,149
2023-07-31,TO,1
2023-08-07,AM,13
2023-08-07,BA,5
2023-08-07,CE,1
2023-08-07,DF,21
2023-08-07,GO,45
2023-08-07,MA,2
2023-08-07,MG,48
2023-08-07,MS,4
2023-08-07,MT,11
2023-08-07,PA,3
2023-08-07,PE,3
2023-08-07,PI,1
2023-08-07,PR,23
2023-08-07,RJ,26
2023-08-07,RN,3
2023-08-07,RS,18
2023-08-07,SC,19
2023-08-07,SE,2
2023-08-07,SP,169
2023-08-14,AM,12
2023-08-14,AP,3
2023-08-14,BA,10
2023-08-14,CE,2
2023-08-14,DF,35
2023-08-14,ES,1
2023-08-14,GO,46
2023-08-14,MA,3
2023-08-14,MG,45
2023-08-14,MS,7
2023-08-14,MT,7
2023-08-14,PA,10
2023-08-14,PB,3
2023-08-14,PE,5
2023-08-14,PI,2
2023-08-14,PR,41
2023-08-14,RJ,46
2023-08-14,RN,3
2023-08-14,RO,2
2023-08-14,RS,18
2023-08-14,SC,9
2023-08-14,SE,1
2023-08-14,SP,216
2023-08-14,TO,1
2023-08-21,AL,1
2023-08-21,AM,7
2023-08-21,BA,6
2023-08-21,CE,6
2023-08-21,DF,32
2023-08-21,ES,3
2023-08-21,GO,45
2023-08-21,MA,2
2023-08-21,MG,57
2023-08-21,MS,9
2023-08-21,MT,4
2023-08-21,PA,3
2023-08-21,PB,2
2023-08-21,PE,3
2023-08-21,PR,44
2023-08-21,RJ,55
2023-08-21,RN,1
2023-08-21,RR,1
2023-08-21,RS,15
2023-08-21,SC,11
2023-08-21,SE,3
2023-08-21,SP,212
2023-08-21,TO,2
2023-08-28,AC,1
2023-08-28,AL,2
2023-08-28,AM,8
2023-08-28,AP,1
2023-08-28,BA,2
2023-08-28,CE,3
2023-08-28,DF,36
2023-08-28,ES,3
2023-08-28,GO,42
2023-08-28,MA,1
2023-08-28,MG,68
2023-08-28,MS,9
2023-08-28,MT,6
2023-08-28,PA,1
2023-08-28,PE,4
2023-08-28,PR,37
2023-08-28,RJ,90
2023-08-28,RN,2
2023-08-28,RR,4
2023-08-28,RS,27
2023-08-28,SC,14
2023-08-28,SE,3
2023-08-28,SP,263
2023-08-28,TO,3
2023-09-04,AM,13
2023-09-04,BA,7
2023-09-04,CE,3
2023-09-04,DF,54
2023-09-04,ES,2
2023-09-04,GO,53
2023-09-04,MG,66
2023-09-04,MS,11
2023-09-04,MT,7
2023-09-04,PA,4
2023-09-04,PB,2
2023-09-04,PE,6
2023-09-04,PR,58
2023-09-04,RJ,120
2023-09-04,RN,1
2023-09-04,RO,1
2023-09-04,RR,2
2023-09-04,RS,29
2023-09-04,SC,24
2023-09-04,SE,3
2023-09-04,SP,339
2023-09-04,TO,1
2023-09-11,AM,5
2023-09-11,AP,1
2023-09-11,BA,9
2023-09-11,CE,2
2023-09-11,DF,53
2023-09-11,ES,3
2023-09-11,GO,53
2023-09-11,MA,2
2023-09-11,MG,84
2023-09-11,MS,10
2023-09-11,MT,2
2023-09-11,PA,3
2023-09-11,PB,2
2023-09-11,PE,4
2023-09-11,PR,75
2023-09-11,RJ,130
2023-09-11,RN,3
2023-09-11,RS,27
2023-09-11,SC,34
2023-09-11,SE,3
2023-09-11,SP,390
2023-09-11,TO,2
2023-09-18,AL,2
2023-09-18,AM,5
2023-09-18,BA,2
2023-09-18,DF,93
2023-09-18,ES,8
2023-09-18,GO,39
2023-09-18,MA,1
2023-09-18,MG,118
2023-09-18,MS,14
2023-09-18,MT,4
2023-09-18,PA,2
2023-09-18,PB,1
2023-09-18,PE,4
2023-09-18,PI,2
2023-09-18,PR,81
2023-09-18,RJ,175
2023-09-18,RN,1
2023-09-18,RO,2
2023-09-18,RS,40
2023-09-18,SC,29
2023-09-18,SE,4
2023-09-18,SP,476
2023-09-18,TO,2
2023-09-25,AC,1
2023-09-25,AL,1
2023-09-25,AM,10
2023-09-25,BA,15
2023-09-25,CE,4
2023-09-25,DF,84
2023-09-25,ES,6
2023-09-25,GO,66
2023-09-25,MA,2
2023-09-25,MG,120
2023-09-25,MS,9
2023-09-25,MT,4
2023-09-25,PA,2
2023-09-25,PB,1
2023-09-25,PE,5
2023-09-25,PR,111
2023-09-25,RJ,171
2023-09-25,RN,3
2023-09-25,RO,1
2023-09-25,RR,1
2023-09-25,RS,52
2023-09-25,SC,26
2023-09-25,SE,3
2023-09-25,SP,538
2023-09-25,TO,6
2023-10-02,AC,2
2023-10-02,AM,4
2023-10-02,BA,12
2023-10-02,CE,1
2023-10-02,DF,86
2023-10-02,ES,5
2023-10-02,GO,52
2023-10-02,MA,2
2023-10-02,MG,123
2023-10-02,MS,16
2023-10-02,MT,2
2023-10-02,PA,2
2023-10-02,PE,9
2023-10-02,PI,2
2023-10-02,PR,125
2023-10-02,RJ,160
2023-10-02,RN,5
2023-10-02,RO,1
2023-10-02,RS,56
2023-10-02,SC,55
2023-10-02,SE,10
2023-10-02,SP,625
2023-10-02,TO,1
2023-10-09,AC,2
2023-10-09,AL,1
2023-10-09,AM,3
2023-10-09,BA,21
2023-10-09,CE,4
2023-10-09,DF,59
2023-10-09,ES,5
2023-10-09,GO,49
2023-10-09,MA,1
2023-10-09,MG,138
2023-10-09,MS,11
2023-10-09,MT,2
2023-10-09,PA,1
2023-10-09,PE,9
2023-10-09,PI,3
2023-10-09,PR,170
2023-10-09,RJ,159
2023-10-09,RN,6
2023-10-09,RO,1
2023-10-09,RR,1
2023-10-09,RS,101
2023-10-09,SC,53
2023-10-09,SE,3
2023-10-09,SP,671
2023-10-09,TO,1
2023-10-16,AC,6
2023-10-16,AM,5
2023-10-16,BA,40
2023-10-16,CE,3
2023-10-16,DF,56
2023-10-16,ES,10
2023-10-16,GO,43
2023-10-16,MA,1
2023-10-16,MG,159
2023-10-16,MS,11
2023-10-16,MT,1
2023-10-16,PA,2
2023-10-16,PB,2
2023-10-16,PE,6
2023-10-16,PI,2
2023-10-16,PR,166
2023-10-16,RJ,143
2023-10-16,RN,2
2023-10-16,RS,112
2023-10-16,SC,92
2023-10-16,SE,1
2023-10-16,SP,788
2023-10-16,TO,1
2023-10-23,AC,1
2023-10-23,AL,1
2023-10-23,AM,1
2023-10-23,BA,54
2023-10-23,CE,10
2023-10-23,DF,37
2023-10-23,ES,13
2023-10-23,GO,28
2023-10-23,MA,3
2023-10-23,MG,139
2023-10-23,MS,19
2023-10-23,MT,7
2023-10-23,PA,3
2023-10-23,PE,2
2023-10-23,PR,213
2023-10-23,RJ,109
2023-10-23,RN,6
2023-10-23,RO,1
2023-10-23,RS,135
2023-10-23,SC,126
2023-10-23,SE,4
2023-10-23,SP,686
2023-10-30,AC,4
2023-10-30,AL,2
2023-10-30,AM,1
2023-10-30,AP,2
2023-10-30,BA,62
2023-10-30,CE,8
2023-10-30,DF,28
2023-10-30,ES,8
2023-10-30,GO,22
2023-10-30,MA,2
2023-10-30,MG,157
2023-10-30,MS,23
2023-10-30,MT,8
2023-10-30,PA,3
2023-10-30,PB,4
2023-10-30,PE,7
2023-10-30,PI,1
2023-10-30,PR,157
2023-10-30,RJ,102
2023-10-30,RN,2
2023-10-30,RS,101
2023-10-30,SC,99
2023-10-30,SE,2
2023-10-30,SP,537
2023-10-30,TO,2
2023-11-06,AC,6
2023-11-06,AL,4
2023-11-06,AM,5
2023-11-06,AP,1
2023-11-06,BA,88
2023-11-06,CE,18
2023-11-06,DF,25
2023-11-06,ES,10
2023-11-06,GO,30
2023-11-06,MA,2
2023-11-06,MG,172
2023-11-06,MS,26
2023-11-06,MT,5
2023-11-06,PA,3
2023-11-06,PB,6
2023-11-06,PE,15
2023-11-06,PI,1
2023-11-06,PR,142
2023-11-06,RJ,119
2023-11-06,RN,7
2023-11-06,RR,1
2023-11-06,RS,103
2023-11-06,SC,93
2023-11-06,SE,1
2023-11-06,SP,480
2023-11-06,TO,2
2023-11-13,AC,5
2023-11-13,AL,2
2023-11-13,AM,2
2023-11-13,BA,88
2023-11-13,CE,28
2023-11-13,DF,25
2023-11-13,ES,13
2023-11-13,GO,14
2023-11-13,MA,2
2023-11-13,MG,154
2023-11-13,MS,21
2023-11-13,MT,7
2023-11-13,PA,1
2023-11-13,PB,4
2023-11-13,PE,17
2023-11-13,PI,2
2023-11-13,PR,114
2023-11-13,RJ,76
2023-11-13,RN,10
2023-11-13,RR,1
2023-11-13,RS,86
2023-11-13,SC,73
2023-11-13,SE,2
2023-11-13,SP,359
2023-11-13,TO,2
2023-11-20,AC,4
2023-11-20,AL,12
2023-11-20,AM,1
2023-11-20,AP,2
2023-11-20,BA,92
2023-11-20,CE,71
2023-11-20,DF,14
2023-11-20,ES,7
2023-11-20,GO,27
2023-11-20,MA,6
2023-11-20,MG,77
2023-11-20,MS,22
2023-11-20,MT,8
2023-11-20,PB,7
2023-11-20,PE,18
2023-11-20,PI,2
2023-11-20,PR,89
2023-11-20,RJ,42
2023-11-20,RN,5
2023-11-20,RO,5
2023-11-20,RR,1
2023-11-20,RS,69
2023-11-20,SC,68
2023-11-20,SE,3
2023-11-20,SP,250
2023-11-27,AC,5
2023-11-27,AL,11
2023-11-27,AM,1
2023-11-27,AP,1
2023-11-27,BA,54
2023-11-27,CE,125
2023-11-27,DF,14
2023-11-27,ES,5
2023-11-27,GO,11
2023-11-27,MA,16
2023-11-27,MG,71
2023-11-27,MS,20
2023-11-27,MT,11
2023-11-27,PA,4
2023-11-27,PB,16
2023-11-27,PE,28
2023-11-27,PI,2
2023-11-27,PR,86
2023-11-27,RJ,37
2023-11-27,RN,14
2023-11-27,RO,2
2023-11-27,RS,62
2023-11-27,SC,43
2023-11-27,SE,10
2023-11-27,SP,165
2023-12-04,AC,20
2023-12-04,AL,18
2023-12-04,AM,6
2023-12-04,AP,2
2023-12-04,BA,49
2023-12-04,CE,158
2023-12-04,DF,11
2023-12-04,ES,2
2023-12-04,GO,12
2023-12-04,MA,18
2023-12-04,MG,64
2023-12-04,MS,13
2023-12-04,MT,8
2023-12-04,PA,9
2023-12-04,PB,30
2023-12-04,PE,42
2023-12-04,PI,9
2023-12-04,PR,60
2023-12-04,RJ,28
2023-12-04,RN,14
2023-12-04,RO,6
2023-12-04,RS,52
2023-12-04,SC,59
2023-12-04,SE,6
2023-12-04,SP,147
2023-12-11,AC,4
2023-12-11,AL,17
2023-12-11,AM,9
2023-12-11,AP,3
2023-12-11,BA,31
2023-12-11,CE,149
2023-12-11,DF,3
2023-12-11,ES,5
2023-12-11,GO,13
2023-12-11,MA,14
2023-12-11,MG,59
2023-12-11,MS,17
2023-12-11,MT,6
2023-12-11,PA,12
2023-12-11,PB,27
2023-12-11,PE,52
2023-12-11,PI,12
2023-12-11,PR,55
2023-12-11,RJ,27
2023-12-11,RN,20
2023-12-11,RO,3
2023-12-11,RR,1
2023-12-11,RS,51
2023-12-11,SC,51
2023-12-11,SE,13
2023-12-11,SP,124
2023-12-11,TO,1
2023-12-18,AC,3
2023-12-18,AL,21
2023-12-18,AM,10
2023-12-18,AP,1
2023-12-18,BA,39
2023-12-18,CE,98
2023-12-18,DF,8
2023-12-18,ES,3
2023-12-18,GO,11
2023-12-18,MA,13
2023-12-18,MG,42
2023-12-18,MS,13
2023-12-18,MT,5
2023-12-18,PA,30
2023-12-18,PB,42
2023-12-18,PE,22
2023-12-18,PI,13
2023-12-18,PR,41
2023-12-18,RJ,30
2023-12-18,RN,24
2023-12-18,RO,3
2023-12-18,RS,49
2023-12-18,SC,30
2023-12-18,SE,14
2023-12-18,SP,106
2023-12-18,TO,1
2023-12-25,AC,9
2023-12-25,AL,13
2023-12-25,AM,17
2023-12-25,AP,8
2023-12-25,BA,30
2023-12-25,CE,76
2023-12-25,DF,8
2023-12-25,ES,4
2023-12-25,GO,13
2023-12-25,MA,7
2023-12-25,MG,45
2023-12-25,MS,23
2023-12-25,MT,8
2023-12-25,PA,33
2023-12-25,PB,45
2023-12-25,PE,46
2023-12-25,PI,23
2023-12-25,PR,35
2023-12-25,RJ,28
2023-12-25,RN,25
2023-12-25,RO,5
2023-12-25,RR,1
2023-12-25,RS,44
2023-12-25,SC,34
2023-12-25,SE,20
2023-12-25,SP,135
2023-12-25,TO,7
2024-01-01,AC,14
2024-01-01,AL,27
2024-01-01,AM,32
2024-01-01,AP,9
2024-01-01,BA,39
2024-01-01,CE,70
2024-01-01,DF,14
2024-01-01,ES,4
2024-01-01,GO,22
2024-01-01,MA,8
2024-01-01,MG,44
2024-01-01,MS,17
2024-01-01,MT,13
2024-01-01,PA,65
2024-01-01,PB,53
2024-01-01,PE,33
2024-01-01,PI,20
2024-01-01,PR,48
2024-01-01,RJ,36
2024-01-01,RN,27
2024-01-01,RO,7
2024-01-01,RR,2
2024-01-01,RS,57
2024-01-01,SC,41
2024-01-01,SE,31
2024-01-01,SP,142
2024-01-01,TO,16
2024-01-08,AC,5
2024-01-08,AL,19
2024-01-08,AM,39
2024-01-08,AP,10
2024-01-08,BA,41
2024-01-08,CE,29
2024-01-08,DF,20
2024-01-08,ES,2
2024-01-08,GO,23
2024-01-08,MA,8
2024-01-08,MG,68
2024-01-08,MS,20
2024-01-08,MT,39
2024-01-08,PA,54
2024-01-08,PB,27
2024-01-08,PE,24
2024-01-08,PI,16
2024-01-08,PR,43
2024-01-08,RJ,41
2024-01-08,RN,21
2024-01-08,RO,3
2024-01-08,RR,3
2024-01-08,RS,42
2024-01-08,SC,38
2024-01-08,SE,16
2024-01-08,SP,141
2024-01-08,TO,15
2024-01-15,AC,5
2024-01-15,AL,7
2024-01-15,AM,45
2024-01-15,AP,18
2024-01-15,BA,39
2024-01-15,CE,17
2024-01-15,DF,20
2024-01-15,ES,5
2024-01-15,GO,43
2024-01-15,MA,6
2024-01-15,MG,94
2024-01-15,MS,28
2024-01-15,MT,56
2024-01-15,PA,54
2024-01-15,PB,18
2024-01-15,PE,14
2024-01-15,PI,14
2024-01-15,PR,44
2024-01-15,RJ,54
2024-01-15,RN,14
2024-01-15,RO,5
2024-01-15,RS,53
2024-01-15,SC,35
2024-01-15,SE,23
2024-01-15,SP,182
2024-01-15,TO,16
2024-01-22,AC,5
2024-01-22,AL,7
2024-01-22,AM,37
2024-01-22,AP,8
2024-01-22,BA,15
2024-01-22,CE,8
2024-01-22,DF,16
2024-01-22,ES,5
2024-01-22,GO,55
2024-01-22,MA,3
2024-01-22,MG,100
2024-01-22,MS,32
2024-01-22,MT,57
2024-01-22,PA,28
2024-01-22,PB,15
2024-01-22,PE,5
2024-01-22,PI,4
2024-01-22,PR,52
2024-01-22,RJ,60
2024-01-22,RN,12
2024-01-22,RO,7
2024-01-22,RR,4
2024-01-22,RS,48
2024-01-22,SC,42
2024-01-22,SE,8
2024-01-22,SP,284
2024-01-22,TO,20
2024-01-29,AC,6
2024-01-29,AL,1
2024-01-29,AM,15
2024-01-29,AP,8
2024-01-29,BA,24
2024-01-29,CE,16
2024-01-29,DF,19
2024-01-29,ES,5
2024-01-29,GO,71
2024-01-29,MA,2
2024-01-29,MG,117
2024-01-29,MS,39
2024-01-29,MT,54
2024-01-29,PA,29
2024-01-29,PB,9
2024-01-29,PE,6
2024-01-29,PI,12
2024-01-29,PR,64
2024-01-29,RJ,111
2024-01-29,RN,9
2024-01-29,RO,8
2024-01-29,RR,1
2024-01-29,RS,62
2024-01-29,SC,60
2024-01-29,SE,6
2024-01-29,SP,398
2024-01-29,TO,14
2024-02-05,AC,7
2024-02-05,AL,2
2024-02-05,AM,14
2024-02-05,AP,4
2024-02-05,BA,16
2024-02-05,CE,2
2024-02-05,DF,29
2024-02-05,ES,16
2024-02-05,GO,52
2024-02-05,MA,4
2024-02-05,MG,160
2024-02-05,MS,29
2024-02-05,MT,35
2024-02-05,PA,8
2024-02-05,PB,7
2024-02-05,PE,10
2024-02-05,PI,11
2024-02-05,PR,92
2024-02-05,RJ,162
2024-02-05,RN,7
2024-02-05,RO,5
2024-02-05,RR,2
2024-02-05,RS,60
2024-02-05,SC,67
2024-02-05,SE,3
2024-02-05,SP,524
2024-02-05,TO,17
2024-02-12,AC,4
2024-02-12,AM,10
2024-02-12,AP,1
2024-02-12,BA,35
2024-02-12,CE,7
2024-02-12,DF,42
2024-02-12,ES,18
2024-02-12,GO,64
2024-02-12,MA,4
2024-02-12,MG,221
2024-02-12,MS,28
2024-02-12,MT,42
2024-02-12,PA,12
2024-02-12,PE,5
2024-02-12,PI,4
2024-02-12,PR,111
2024-02-12,RJ,176
2024-02-12,RN,4
2024-02-12,RO,14
2024-02-12,RR,1
2024-02-12,RS,77
2024-02-12,SC,62
2024-02-12,SE,5
2024-02-12,SP,676
2024-02-12,TO,10
2024-02-19,AL,2
2024-02-19,AM,8
2024-02-19,AP,1
2024-02-19,BA,25
2024-02-19,CE,9
2024-02-19,DF,49
2024-02-19,ES,24
2024-02-19,GO,48
2024-02-19,MA,3
2024-02-19,MG,260
2024-02-19,MS,42
2024-02-19,MT,28
2024-02-19,PA,6
2024-02-19,PB,1
2024-02-19,PE,6
2024-02-19,PI,12
2024-02-19,PR,145
2024-02-19,RJ,172
2024-02-19,RN,2
2024-02-19,RO,15
2024-02-19,RR,1
2024-02-19,RS,104
2024-02-19,SC,91
2024-02-19,SE,3
2024-02-19,SP,811
2024-02-19,TO,10
2024-02-26,AC,2
2024-02-26,AL,2
2024-02-26,AM,10
2024-02-26,AP,1
2024-02-26,BA,34
2024-02-26,CE,8
2024-02-26,DF,39
2024-02-26,ES,27
2024-02-26,GO,33
2024-02-26,MG,223
2024-02-26,MS,34
2024-02-26,MT,23
2024-02-26,PA,9
2024-02-26,PE,1
2024-02-26,PI,6
2024-02-26,PR,157
2024-02-26,RJ,140
2024-02-26,RN,2
2024-02-26,RO,3
2024-02-26,RR,2
2024-02-26,RS,134
2024-02-26,SC,98
2024-02-26,SE,4
2024-02-26,SP,625
2024-02-26,TO,6
2024-03-04,AC,3
2024-03-04,AL,2
2024-03-04,AM,7
2024-03-04,BA,19
2024-03-04,CE,7
2024-03-04,DF,31
2024-03-04,ES,12
2024-03-04,GO,23
2024-03-04,MA,3
2024-03-04,MG,130
2024-03-04,MS,47
2024-03-04,MT,20
2024-03-04,PA,7
2024-03-04,PB,5
2024-03-04,PE,2
2024-03-04,PI,7
2024-03-04,PR,123
2024-03-04,RJ,75
2024-03-04,RN,1
2024-03-04,RO,1
2024-03-04,RR,5
2024-03-04,RS,147
2024-03-04,SC,90
2024-03-04,SE,3
2024-03-04,SP,443
2024-03-04,TO,1
2024-03-11,AC,2
2024-03-11,AL,2
2024-03-11,AM,5
2024-03-11,BA,20
2024-03-11,CE,14
2024-03-11,DF,22
2024-03-11,ES,21
2024-03-11,GO,10
2024-03-11,MA,1
2024-03-11,MG,86
2024-03-11,MS,25
2024-03-11,MT,6
2024-03-11,PA,6
2024-03-11,PE,3
2024-03-11,PI,3
2024-03-11,PR,114
2024-03-11,RJ,48
2024-03-11,RN,1
2024-03-11,RO,5
2024-03-11,RR,1
2024-03-11,RS,134
2024-03-11,SC,84
2024-03-11,SE,1
2024-03-11,SP,340
2024-03-11,TO,3
2024-03-18,AC,1
2024-03-18,AM,5
2024-03-18,AP,1
2024-03-18,BA,8
2024-03-18,CE,3
2024-03-18,DF,16
2024-03-18,ES,3
2024-03-18,GO,15
2024-03-18,MA,1
2024-03-18,MG,64
2024-03-18,MS,7
2024-03-18,MT,3
2024-03-18,PA,2
2024-03-18,PE,3
2024-03-18,PI,6
2024-03-18,PR,65
2024-03-18,RJ,38
2024-03-18,RN,3
2024-03-18,RO,1
2024-03-18,RS,95
2024-03-18,SC,42
2024-03-18,SE,3
2024-03-18,SP,226
2024-03-18,TO,1
2024-03-25,AL,3
2024-03-25,AM,1
2024-03-25,BA,8
2024-03-25,CE,3
2024-03-25,DF,9
2024-03-25,ES,3
2024-03-25,GO,8
2024-03-25,MA,5
2024-03-25,MG,40
2024-03-25,MS,13
2024-03-25,MT,7
2024-03-25,PA,4
2024-03-25,PE,1
2024-03-25,PI,7
2024-03-25,PR,26
2024-03-25,RJ,23
2024-03-25,RN,2
2024-03-25,RO,2
2024-03-25,RS,56
2024-03-25,SC,27
2024-03-25,SP,168
2024-03-25,TO,1
2024-04-01,AL,1
2024-04-01,AM,3
2024-04-01,AP,1
2024-04-01,BA,14
2024-04-01,CE,1
2024-04-01,DF,9
2024-04-01,ES,2
2024-04-01,GO,8
2024-04-01,MG,39
2024-04-01,MS,9
2024-04-01,MT,1
2024-04-01,PA,3
2024-04-01,PE,3
2024-04-01,PI,2
2024-04-01,PR,25
2024-04-01,RJ,21
2024-04-01,RN,2
2024-04-01,RR,1
2024-04-01,RS,52
2024-04-01,SC,15
2024-04-01,SP,139
2024-04-01,TO,3
2024-04-08,AC,1
2024-04-08,AM,1
2024-04-08,BA,7
2024-04-08,CE,7
2024-04-08,DF,6
2024-04-08,GO,6
2024-04-08,MA,1
2024-04-08,MG,32
2024-04-08,MS,4
2024-04-08,MT,2
2024-04-08,PA,3
2024-04-08,PB,1
2024-04-08,PE,2
2024-04-08,PI,1
2024-04-08,PR,15
2024-04-08,RJ,12
2024-04-08,RN,7
2024-04-08,RS,34
2024-04-08,SC,16
2024-04-08,SE,1
2024-04-08,SP,132
2024-04-08,TO,1
2024-04-15,AC,2
2024-04-15,AL,2
2024-04-15,AM,3
2024-04-15,BA,2
2024-04-15,CE,5
2024-04-15,DF,4
2024-04-15,ES,2
2024-04-15,GO,5
2024-04-15,MA,2
2024-04-15,MG,19
2024-04-15,MS,7
2024-04-15,MT,4
2024-04-15,PA,3
2024-04-15,PE,1
2024-04-15,PR,16
2024-04-15,RJ,7
2024-04-15,RR,2
2024-04-15,RS,18
2024-04-15,SC,14
2024-04-15,SP,86
2024-04-15,TO,1
2024-04-22,AC,1
2024-04-22,AM,2
2024-04-22,CE,6
2024-04-22,DF,5
2024-04-22,ES,1
2024-04-22,GO,1
2024-04-22,MA,7
2024-04-22,MG,14
2024-04-22,MS,6
2024-04-22,MT,10
2024-04-22,PA,1
2024-04-22,PB,1
2024-04-22,PE,11
2024-04-22,PI,2
2024-04-22,PR,10
2024-04-22,RJ,6
2024-04-22,RN,4
2024-04-22,RO,1
2024-04-22,RS,11
2024-04-22,SC,6
2024-04-22,SE,1
2024-04-22,SP,71
2024-04-22,TO,1
2024-04-29,AC,1
2024-04-29,AL,1
2024-04-29,AM,2
2024-04-29,BA,3
2024-04-29,CE,10
2024-04-29,DF,7
2024-04-29,ES,1
2024-04-29,GO,5
2024-04-29,MA,6
2024-04-29,MG,14
2024-04-29,MS,3
2024-04-29,MT,4
2024-04-29,PA,4
2024-04-29,PE,7
2024-04-29,PR,14
2024-04-29,RJ,11
2024-04-29,RN,1
2024-04-29,RR,2
2024-04-29,RS,8
2024-04-29,SC,12
2024-04-29,SP,57
2024-05-06,AC,2
2024-05-06,AL,2
2024-05-06,AM,2
2024-05-06,BA,1
2024-05-06,CE,25
2024-05-06,DF,7
2024-05-06,ES,1
2024-05-06,GO,1
2024-05-06,MA,3
2024-05-06,MG,20
2024-05-06,MS,1
2024-05-06,MT,10
2024-05-06,PA,5
2024-05-06,PE,3
2024-05-06,PI,3
2024-05-06,PR,7
2024-05-06,RJ,3
2024-05-06,RO,2
2024-05-06,RS,2
2024-05-06,SC,7
2024-05-06,SE,1
2024-05-06,SP,47
2024-05-13,AC,4
2024-05-13,AL,3
2024-05-13,AM,3
2024-05-13,BA,3
2024-05-13,CE,18
2024-05-13,DF,1
2024-05-13,GO,1
2024-05-13,MA,14
2024-05-13,MG,16
2024-05-13,MS,4
2024-05-13,MT,3
2024-05-13,PA,6
2024-05-13,PB,1
2024-05-13,PE,3
2024-05-13,PI,1
2024-05-13,PR,9
2024-05-13,RJ,7
2024-05-13,RN,3
2024-05-13,RR,4
2024-05-13,RS,6
2024-05-13,SC,10
2024-05-13,SE,3
2024-05-13,SP,48
2024-05-13,TO,1
2024-05-20,AC,3
2024-05-20,AM,6
2024-05-20,AP,1
2024-05-20,BA,3
2024-05-20,CE,12
2024-05-20,DF,2
2024-05-20,ES,1
2024-05-20,GO,2
2024-05-20,MA,9
2024-05-20,MG,16
2024-05-20,MS,2
2024-05-20,MT,7
2024-05-20,PA,8
2024-05-20,PB,1
2024-05-20,PE,6
2024-05-20,PI,5
2024-05-20,PR,9
2024-05-20,RJ,2
2024-05-20,RN,5
2024-05-20,RO,1
2024-05-20,RR,1
2024-05-20,RS,7
2024-05-20,SC,4
2024-05-20,SE,2
2024-05-20,SP,53
2024-05-20,TO,2
2024-05-27,AC,8
2024-05-27,AL,2
2024-05-27,AM,6
2024-05-27,AP,3
2024-05-27,BA,2
2024-05-27,CE,21
2024-05-27,DF,6
2024-05-27,GO,4
2024-05-27,MA,6
2024-05-27,MG,17
2024-05-27,MS,3
2024-05-27,MT,4
2024-05-27,PA,6
2024-05-27,PB,1
2024-05-27,PE,6
2024-05-27,PI,4
2024-05-27,PR,12
2024-05-27,RJ,5
2024-05-27,RN,3
2024-05-27,RO,1
2024-05-27,RS,4
2024-05-27,SC,7
2024-05-27,SE,5
2024-05-27,SP,52
2024-05-27,TO,1
2024-06-03,AC,5
2024-06-03,AL,3
2024-06-03,AM,12
2024-06-03,AP,2
2024-06-03,BA,5
2024-06-03,CE,19
2024-06-03,DF,4
2024-06-03,GO,3
2024-06-03,MA,1
2024-06-03,MG,11
2024-06-03,MS,2
2024-06-03,PA,4
2024-06-03,PB,1
2024-06-03,PE,9
2024-06-03,PI,4
2024-06-03,PR,7
2024-06-03,RJ,2
2024-06-03,RN,5
2024-06-03,RR,1
2024-06-03,RS,9
2024-06-03,SC,4
2024-06-03,SE,5
2024-06-03,SP,59
2024-06-03,TO,1
2024-06-10,AC,4
2024-06-10,AL,4
2024-06-10,AM,14
2024-06-10,AP,1
2024-06-10,BA,2
2024-06-10,CE,28
2024-06-10,DF,8
2024-06-10,GO,3
2024-06-10,MA,6
2024-06-10,MG,11
2024-06-10,MS,3
2024-06-10,MT,3
2024-06-10,PA,2
2024-06-10,PB,2
2024-06-10,PE,4
2024-06-10,PI,4
2024-06-10,PR,10
2024-06-10,RJ,9
2024-06-10,RN,2
2024-06-10,RR,3
2024-06-10,RS,6
2024-06-10,SC,11
2024-06-10,SE,5
2024-06-10,SP,71
2024-06-10,TO,2
2024-06-17,AC,5
2024-06-17,AL,3
2024-06-17,AM,19
2024-06-17,AP,4
2024-06-17,BA,3
2024-06-17,CE,23
2024-06-17,DF,8
2024-06-17,GO,3
2024-06-17,MA,3
2024-06-17,MG,20
2024-06-17,MT,3
2024-06-17,PA,5
2024-06-17,PB,1
2024-06-17,PE,9
2024-06-17,PI,2
2024-06-17,PR,5
2024-06-17,RJ,3
2024-06-17,RN,3
2024-06-17,RR,1
2024-06-17,SC,1
2024-06-17,SE,2
2024-06-17,SP,82
2024-06-17,TO,1
2024-06-24,AC,4
2024-06-24,AL,5
2024-06-24,AM,21
2024-06-24,AP,1
2024-06-24,BA,3
2024-06-24,CE,17
2024-06-24,DF,8
2024-06-24,ES,1
2024-06-24,GO,5
2024-06-24,MA,3
2024-06-24,MG,16
2024-06-24,MT,4
2024-06-24,PA,3
2024-06-24,PB,7
2024-06-24,PE,9
2024-06-24,PI,3
2024-06-24,PR,9
2024-06-24,RJ,4
2024-06-24,RN,2
2024-06-24,RS,1
2024-06-24,SC,5
2024-06-24,SE,6
2024-06-24,SP,75
2024-06-24,TO,1
2024-07-01,AC,3
2024-07-01,AL,3
2024-07-01,AM,28
2024-07-01,AP,2
2024-07-01,BA,9
2024-07-01,CE,12
2024-07-01,DF,16
2024-07-01,GO,12
2024-07-01,MA,1
2024-07-01,MG,17
2024-07-01,MS,1
2024-07-01,MT,4
2024-07-01,PA,7
2024-07-01,PB,4
2024-07-01,PE,14
2024-07-01,PI,2
2024-07-01,PR,6
2024-07-01,RJ,8
2024-07-01,RN,1
2024-07-01,RS,14
2024-07-01,SC,3
2024-07-01,SE,5
2024-07-01,SP,88
2024-07-01,TO,2
2024-07-08,AC,5
2024-07-08,AL,8
2024-07-08,AM,17
2024-07-08,AP,1
2024-07-08,BA,13
2024-07-08,CE,15
2024-07-08,DF,13
2024-07-08,ES,1
2024-07-08,GO,10
2024-07-08,MG,17
2024-07-08,MS,5
2024-07-08,MT,5
2024-07-08,PA,4
2024-07-08,PB,7
2024-07-08,PE,6
2024-07-08,PI,3
2024-07-08,PR,11
2024-07-08,RJ,7
2024-07-08,RN,3
2024-07-08,RS,6
2024-07-08,SC,2
2024-07-08,SE,9
2024-07-08,SP,79
2024-07-15,AC,3
2024-07-15,AM,8
2024-07-15,AP,2
2024-07-15,BA,8
2024-07-15,CE,19
2024-07-15,DF,21
2024-07-15,GO,28
2024-07-15,MA,1
2024-07-15,MG,9
2024-07-15,MS,10
2024-07-15,MT,2
2024-07-15,PA,5
2024-07-15,PB,6
2024-07-15,PE,3
2024-07-15,PR,19
2024-07-15,RJ,8
2024-07-15,RN,6
2024-07-15,RO,3
2024-07-15,RS,7
2024-07-15,SC,4
2024-07-15,SE,7
2024-07-15,SP,121
2024-07-15,TO,2
2024-07-22,AC,1
2024-07-22,AL,6
2024-07-22,AM,3
2024-07-22,AP,1
2024-07-22,BA,9
2024-07-22,CE,6
2024-07-22,DF,13
2024-07-22,ES,1
2024-07-22,GO,23
2024-07-22,MA,1
2024-07-22,MG,32
2024-07-22,MS,10
2024-07-22,MT,6
2024-07-22,PA,3
2024-07-22,PB,7
2024-07-22,PE,1
2024-07-22,PI,1
2024-07-22,PR,33
2024-07-22,RJ,14
2024-07-22,RN,3
2024-07-22,RO,2
2024-07-22,RS,6
2024-07-22,SC,1
2024-07-22,SE,3
2024-07-22,SP,128
2024-07-22,TO,3
2024-07-29,AC,1
2024-07-29,AL,3
2024-07-29,AM,9
2024-07-29,AP,1
2024-07-29,BA,9
2024-07-29,CE,5
2024-07-29,DF,20
2024-07-29,GO,25
2024-07-29,MA,1
2024-07-29,MG,25
2024-07-29,MS,10
2024-07-29,MT,4
2024-07-29,PA,7
2024-07-29,PB,7
2024-07-29,PR,27
2024-07-29,RJ,12
2024-07-29,RN,7
2024-07-29,RO,3
2024-07-29,RR,1
2024-07-29,RS,7
2024-07-29,SC,6
2024-07-29,SE,3
2024-07-29,SP,142
2024-07-29,TO,1
2024-08-05,AC,4
2024-08-05,AL,2
2024-08-05,AM,3
2024-08-05,BA,12
2024-08-05,CE,4
2024-08-05,DF,21
2024-08-05,GO,43
2024-08-05,MG,31
2024-08-05,MS,13
2024-08-05,MT,12
2024-08-05,PA,7
2024-08-05,PB,10
2024-08-05,PE,2
2024-08-05,PI,1
2024-08-05,PR,37
2024-08-05,RJ,12
2024-08-05,RN,1
2024-08-05,RO,1
2024-08-05,RR,1
2024-08-05,RS,13
2024-08-05,SC,6
2024-08-05,SE,3
2024-08-05,SP,226
2024-08-05,TO,1
2024-08-12,AC,2
2024-08-12,AL,2
2024-08-12,AM,9
2024-08-12,AP,1
2024-08-12,BA,14
2024-08-12,DF,23
2024-08-12,ES,5
2024-08-12,GO,39
2024-08-12,MG,41
2024-08-12,MS,14
2024-08-12,MT,18
2024-08-12,PA,2
2024-08-12,PB,6
2024-08-12,PR,65
2024-08-12,RJ,32
2024-08-12,RN,1
2024-08-12,RO,4
2024-08-12,RS,7
2024-08-12,SC,9
2024-08-12,SE,7
2024-08-12,SP,383
2024-08-12,TO,3
2024-08-19,AC,1
2024-08-19,AL,1
2024-08-19,AM,7
2024-08-19,AP,1
2024-08-19,BA,15
2024-08-19,CE,5
2024-08-19,DF,53
2024-08-19,ES,2
2024-08-19,GO,37
2024-08-19,MA,1
2024-08-19,MG,61
2024-08-19,MS,35
2024-08-19,MT,14
2024-08-19,PA,1
2024-08-19,PB,8
2024-08-19,PE,1
2024-08-19,PR,73
2024-08-19,RJ,42
2024-08-19,RN,3
2024-08-19,RO,5
2024-08-19,RS,13
2024-08-19,SC,14
2024-08-19,SE,3
2024-08-19,SP,468
2024-08-19,TO,2
2024-08-26,AC,1
2024-08-26,AL,2
2024-08-26,AM,2
2024-08-26,BA,19
2024-08-26,CE,3
2024-08-26,DF,35
2024-08-26,ES,1
2024-08-26,GO,46
2024-08-26,MG,68
2024-08-26,MS,34
2024-08-26,MT,19
2024-08-26,PB,4
2024-08-26,PE,1
2024-08-26,PI,3
2024-08-26,PR,117
2024-08-26,RJ,40
2024-08-26,RN,1
2024-08-26,RO,2
2024-08-26,RS,16
2024-08-26,SC,13
2024-08-26,SP,471
2024-08-26,TO,5
2024-09-02,AC,1
2024-09-02,AM,2
2024-09-02,BA,24
2024-09-02,CE,1
2024-09-02,DF,35
2024-09-02,ES,6
2024-09-02,GO,49
2024-09-02,MA,1
2024-09-02,MG,91
2024-09-02,MS,43
2024-09-02,MT,10
2024-09-02,PA,1
2024-09-02,PB,5
2024-09-02,PR,106
2024-09-02,RJ,48
2024-09-02,RN,1
2024-09-02,RR,1
2024-09-02,RS,25
2024-09-02,SC,16
2024-09-02,SP,403
2024-09-02,TO,4
2024-09-09,AC,4
2024-09-09,AM,1
2024-09-09,AP,2
2024-09-09,BA,16
2024-09-09,CE,3
2024-09-09,DF,40
2024-09-09,ES,1
2024-09-09,GO,25
2024-09-09,MA,1
2024-09-09,MG,96
2024-09-09,MS,37
2024-09-09,MT,11
2024-09-09,PA,4
2024-09-09,PB,5
2024-09-09,PE,3
2024-09-09,PI,2
2024-09-09,PR,104
2024-09-09,RJ,33
2024-09-09,RN,2
2024-09-09,RS,33
2024-09-09,SC,24
2024-09-09,SP,326
2024-09-09,TO,4
2024-09-16,AC,3
2024-09-16,AL,2
2024-09-16,AM,1
2024-09-16,BA,14
2024-09-16,CE,7
2024-09-16,DF,33
2024-09-16,ES,2
2024-09-16,GO,26
2024-09-16,MG,82
2024-09-16,MS,28
2024-09-16,MT,10
2024-09-16,PA,2
2024-09-16,PB,5
2024-09-16,PR,79
2024-09-16,RJ,36
2024-09-16,RO,1
2024-09-16,RR,2
2024-09-16,RS,37
2024-09-16,SC,22
2024-09-16,SP,227
2024-09-16,TO,4
2024-09-23,AL,2
2024-09-23,AM,2
2024-09-23,BA,14
2024-09-23,DF,26
2024-09-23,ES,3
2024-09-23,GO,22
2024-09-23,MG,68
2024-09-23,MS,11
2024-09-23,MT,3
2024-09-23,PB,4
2024-09-23,PE,1
2024-09-23,PR,59
2024-09-23,RJ,37
2024-09-23,RN,2
2024-09-23,RO,2
2024-09-23,RS,36
2024-09-23,SC,26
2024-09-23,SP,192
2024-09-30,AL,1
2024-09-30,AP,1
2024-09-30,BA,13
2024-09-30,CE,3
2024-09-30,DF,12
2024-09-30,ES,3
2024-09-30,GO,5
2024-09-30,MG,60
2024-09-30,MS,13
2024-09-30,MT,5
2024-09-30,PB,3
2024-09-30,PR,80
2024-09-30,RJ,31
2024-09-30,RN,2
2024-09-30,RR,1
2024-09-30,RS,44
2024-09-30,SC,26
2024-09-30,SP,146
2024-10-07,AP,1
2024-10-07,BA,16
2024-10-07,CE,2
2024-10-07,DF,10
2024-10-07,ES,3
2024-10-07,GO,7
2024-10-07,MA,1
2024-10-07,MG,70
2024-10-07,MS,12
2024-10-07,MT,6
2024-10-07,PA,2
2024-10-07,PB,2
2024-10-07,PR,52
2024-10-07,RJ,30
2024-10-07,RN,2
2024-10-07,RS,63
2024-10-07,SC,39
2024-10-07,SP,132
2024-10-14,AL,2
2024-10-14,AM,3
2024-10-14,BA,14
2024-10-14,CE,4
2024-10-14,DF,12
2024-10-14,ES,5
2024-10-14,GO,11
2024-10-14,MA,1
2024-10-14,MG,54
2024-10-14,MT,1
2024-10-14,PA,2
2024-10-14,PB,5
2024-10-14,PE,1
2024-10-14,PI,1
2024-10-14,PR,71
2024-10-14,RJ,48
2024-10-14,RO,2
2024-10-14,RS,54
2024-10-14,SC,39
2024-10-14,SE,2
2024-10-14,SP,85
2024-10-14,TO,4
2024-10-21,AL,1
2024-10-21,BA,24
2024-10-21,CE,6
2024-10-21,DF,6
2024-10-21,ES,8
2024-10-21,GO,5
2024-10-21,MG,42
2024-10-21,MS,4
2024-10-21,MT,3
2024-10-21,PA,1
2024-10-21,PB,6
2024-10-21,PI,1
2024-10-21,PR,46
2024-10-21,RJ,37
2024-10-21,RN,4
2024-10-21,RO,1
2024-10-21,RR,1
2024-10-21,RS,71
2024-10-21,SC,28
2024-10-21,SE,1
2024-10-21,SP,84
2024-10-21,TO,1
2024-10-28,AC,1
2024-10-28,AL,1
2024-10-28,AM,3
2024-10-28,AP,1
2024-10-28,BA,15
2024-10-28,CE,9
2024-10-28,DF,6
2024-10-28,ES,6
2024-10-28,GO,5
2024-10-28,MA,2
2024-10-28,MG,58
2024-10-28,MS,4
2024-10-28,MT,3
2024-10-28,PA,1
2024-10-28,PB,3
2024-10-28,PE,1
2024-10-28,PR,52
2024-10-28,RJ,48
2024-10-28,RN,2
2024-10-28,RO,1
2024-10-28,RR,1
2024-10-28,RS,57
2024-10-28,SC,37
2024-10-28,SE,2
2024-10-28,SP,95
2024-11-04,AP,1
2024-11-04,BA,17
2024-11-04,CE,16
2024-11-04,DF,6
2024-11-04,ES,1
2024-11-04,GO,3
2024-11-04,MA,2
2024-11-04,MG,59
2024-11-04,MS,5
2024-11-04,MT,5
2024-11-04,PB,7
2024-11-04,PE,2
2024-11-04,PR,41
2024-11-04,RJ,72
2024-11-04,RN,3
2024-11-04,RO,1
2024-11-04,RR,1
2024-11-04,RS,61
2024-11-04,SC,42
2024-11-04,SE,1
2024-11-04,SP,81
2024-11-11,AL,2
2024-11-11,BA,21
2024-11-11,CE,32
2024-11-11,DF,6
2024-11-11,ES,9
2024-11-11,GO,5
2024-11-11,MA,1
2024-11-11,MG,84
2024-11-11,MS,6
2024-11-11,PB,7
2024-11-11,PE,1
2024-11-11,PR,52
2024-11-11,RJ,75
2024-11-11,RN,1
2024-11-11,RO,1
2024-11-11,RR,1
2024-11-11,RS,60
2024-11-11,SC,37
2024-11-11,SE,2
2024-11-11,SP,122
2024-11-18,AM,1
2024-11-18,AP,1
2024-11-18,BA,8
2024-11-18,CE,54
2024-11-18,DF,8
2024-11-18,ES,5
2024-11-18,GO,1
2024-11-18,MA,1
2024-11-18,MG,94
2024-11-18,MS,3
2024-11-18,PB,5
2024-11-18,PE,3
2024-11-18,PR,54
2024-11-18,RJ,85
2024-11-18,RN,4
2024-11-18,RR,1
2024-11-18,RS,71
2024-11-18,SC,46
2024-11-18,SE,4
2024-11-18,SP,117
2024-11-25,AC,2
2024-11-25,AL,5
2024-11-25,AM,1
2024-11-25,AP,1
2024-11-25,BA,24
2024-11-25,CE,89
2024-11-25,DF,11
2024-11-25,ES,7
2024-11-25,GO,3
2024-11-25,MA,5
2024-11-25,MG,107
2024-11-25,MS,4
2024-11-25,MT,3
2024-11-25,PB,7
2024-11-25,PE,4
2024-11-25,PR,47
2024-11-25,RJ,88
2024-11-25,RN,2
2024-11-25,RO,1
2024-11-25,RR,2
2024-11-25,RS,49
2024-11-25,SC,30
2024-11-25,SE,6
2024-11-25,SP,129
2024-12-02,AC,4
2024-12-02,AL,3
2024-12-02,BA,25
2024-12-02,CE,111
2024-12-02,DF,8
2024-12-02,ES,5
2024-12-02,GO,3
2024-12-02,MA,6
2024-12-02,MG,89
2024-12-02,MT,5
2024-12-02,PA,3
2024-12-02,PB,5
2024-12-02,PE,1
2024-12-02,PI,1
2024-12-02,PR,49
2024-12-02,RJ,66
2024-12-02,RN,8
2024-12-02,RO,1
2024-12-02,RR,1
2024-12-02,RS,44
2024-12-02,SC,30
2024-12-02,SE,5
2024-12-02,SP,130
2024-12-09,AC,7
2024-12-09,AL,5
2024-12-09,AM,3
2024-12-09,AP,1
2024-12-09,BA,19
2024-12-09,CE,76
2024-12-09,DF,7
2024-12-09,ES,2
2024-12-09,GO,1
2024-12-09,MA,7
2024-12-09,MG,80
2024-12-09,MS,9
2024-12-09,MT,9
2024-12-09,PA,13
2024-12-09,PB,15
2024-12-09,PE,6
2024-12-09,PI,1
2024-12-09,PR,71
2024-12-09,RJ,66
2024-12-09,RN,11
2024-12-09,RO,2
2024-12-09,RR,1
2024-12-09,RS,55
2024-12-09,SC,35
2024-12-09,SE,7
2024-12-09,SP,131
2024-12-09,TO,1
2024-12-16,AC,11
2024-12-16,AL,7
2024-12-16,AM,5
2024-12-16,BA,23
2024-12-16,CE,56
2024-12-16,DF,5
2024-12-16,ES,5
2024-12-16,GO,10
2024-12-16,MA,9
2024-12-16,MG,66
2024-12-16,MS,6
2024-12-16,MT,13
2024-12-16,PA,8
2024-12-16,PB,23
2024-12-16,PE,17
2024-12-16,PI,3
2024-12-16,PR,56
2024-12-16,RJ,58
2024-12-16,RN,12
2024-12-16,RO,10
2024-12-16,RS,69
2024-12-16,SC,25
2024-12-16,SE,5
2024-12-16,SP,172
2024-12-16,TO,3
2024-12-23,AC,9
2024-12-23,AL,12
2024-12-23,AM,5
2024-12-23,AP,2
2024-12-23,BA,21
2024-12-23,CE,31
2024-12-23,DF,14
2024-12-23,ES,3
2024-12-23,GO,2
2024-12-23,MA,9
2024-12-23,MG,56
2024-12-23,MS,10
2024-12-23,MT,8
2024-12-23,PA,17
2024-12-23,PB,24
2024-12-23,PE,20
2024-12-23,PI,4
2024-12-23,PR,70
2024-12-23,RJ,53
2024-12-23,RN,25
2024-12-23,RO,6
2024-12-23,RS,57
2024-12-23,SC,29
2024-12-23,SE,15
2024-12-23,SP,207
2024-12-30,AC,16
2024-12-30,AL,23
2024-12-30,AM,19
2024-12-30,AP,4
2024-12-30,BA,32
2024-12-30,CE,32
2024-12-30,DF,12
2024-12-30,ES,2
2024-12-30,GO,9
2024-12-30,MA,15
2024-12-30,MG,59
2024-12-30,MS,11
2024-12-30,MT,8
2024-12-30,PA,23
2024-12-30,PB,51
2024-12-30,PE,43
2024-12-30,PI,4
2024-12-30,PR,51
2024-12-30,RJ,41
2024-12-30,RN,20
2024-12-30,RO,15
2024-12-30,RR,2
2024-12-30,RS,52
2024-12-30,SC,25
2024-12-30,SE,14
2024-12-30,SP,251
2024-12-30,TO,2
2025-01-06,AC,12
2025-01-06,AL,15
2025-01-06,AM,24
2025-01-06,AP,6
2025-01-06,BA,17
2025-01-06,CE,29
2025-01-06,DF,16
2025-01-06,ES,2
2025-01-06,GO,13
2025-01-06,MA,17
2025-01-06,MG,53
2025-01-06,MS,15
2025-01-06,MT,13
2025-01-06,PA,41
2025-01-06,PB,40
2025-01-06,PE,34
2025-01-06,PI,8
2025-01-06,PR,51
2025-01-06,RJ,33
2025-01-06,RN,15
2025-01-06,RO,17
2025-01-06,RR,2
2025-01-06,RS,33
2025-01-06,SC,20
2025-01-06,SE,24
2025-01-06,SP,211
2025-01-06,TO,2
2025-01-13,AC,10
2025-01-13,AL,15
2025-01-13,AM,26
2025-01-13,AP,8
2025-01-13,BA,30
2025-01-13,CE,15
2025-01-13,DF,13
2025-01-13,ES,3
2025-01-13,GO,14
2025-01-13,MA,6
2025-01-13,MG,42
2025-01-13,MS,20
2025-01-13,MT,22
2025-01-13,PA,17
2025-01-13,PB,28
2025-01-13,PE,14
2025-01-13,PI,12
2025-01-13,PR,55
2025-01-13,RJ,26
2025-01-13,RN,10
2025-01-13,RO,16
2025-01-13,RR,1
2025-01-13,RS,29
2025-01-13,SC,16
2025-01-13,SE,12
2025-01-13,SP,243
2025-01-13,TO,8
2025-01-20,AC,6
2025-01-20,AL,9
2025-01-20,AM,30
2025-01-20,AP,5
2025-01-20,BA,27
2025-01-20,CE,16
2025-01-20,DF,33
2025-01-20,ES,2
2025-01-20,GO,31
2025-01-20,MA,12
2025-01-20,MG,39
2025-01-20,MS,9
2025-01-20,MT,28
2025-01-20,PA,18
2025-01-20,PB,32
2025-01-20,PE,10
2025-01-20,PI,6
2025-01-20,PR,33
2025-01-20,RJ,21
2025-01-20,RN,4
2025-01-20,RO,7
2025-01-20,RR,1
2025-01-20,RS,20
2025-01-20,SC,19
2025-01-20,SE,10
2025-01-20,SP,236
2025-01-20,TO,10
2025-01-27,AC,4
2025-01-27,AL,11
2025-01-27,AM,25
2025-01-27,AP,4
2025-01-27,BA,23
2025-01-27,CE,6
2025-01-27,DF,27
2025-01-27,ES,6
2025-01-27,GO,33
2025-01-27,MA,6
2025-01-27,MG,54
2025-01-27,MS,9
2025-01-27,MT,22
2025-01-27,PA,16
2025-01-27,PB,14
2025-01-27,PE,8
2025-01-27,PI,7
2025-01-27,PR,42
2025-01-27,RJ,11
2025-01-27,RN,3
2025-01-27,RO,6
2025-01-27,RS,21
2025-01-27,SC,13
2025-01-27,SE,9
2025-01-27,SP,217
2025-01-27,TO,23
2025-02-03,AC,4
2025-02-03,AL,11
2025-02-03,AM,8
2025-02-03,BA,25
2025-02-03,CE,8
2025-02-03,DF,28
2025-02-03,ES,4
2025-02-03,GO,32
2025-02-03,MA,10
2025-02-03,MG,41
2025-02-03,MS,13
2025-02-03,MT,15
2025-02-03,PA,7
2025-02-03,PB,20
2025-02-03,PE,4
2025-02-03,PI,8
2025-02-03,PR,34
2025-02-03,RJ,10
2025-02-03,RN,1
2025-02-03,RO,4
2025-02-03,RS,13
2025-02-03,SC,19
2025-02-03,SE,6
2025-02-03,SP,272
2025-02-03,TO,18
2025-02-10,AC,2
2025-02-10,AL,6
2025-02-10,AM,12
2025-02-10,AP,2
2025-02-10,BA,23
2025-02-10,CE,8
2025-02-10,DF,47
2025-02-10,ES,4
2025-02-10,GO,29
2025-02-10,MA,8
2025-02-10,MG,40
2025-02-10,MS,16
2025-02-10,MT,13
2025-02-10,PA,5
2025-02-10,PB,6
2025-02-10,PE,8
2025-02-10,PI,7
2025-02-10,PR,54
2025-02-10,RJ,14
2025-02-10,RN,1
2025-02-10,RO,2
2025-02-10,RR,1
2025-02-10,RS,12
2025-02-10,SC,18
2025-02-10,SE,7
2025-02-10,SP,361
2025-02-10,TO,7
2025-02-17,AC,1
2025-02-17,AL,5
2025-02-17,AM,10
2025-02-17,AP,1
2025-02-17,BA,26
2025-02-17,CE,6
2025-02-17,DF,53
2025-02-17,ES,7
2025-02-17,GO,31
2025-02-17,MA,2
2025-02-17,MG,36
2025-02-17,MS,9
2025-02-17,MT,11
2025-02-17,PA,5
2025-02-17,PB,9
2025-02-17,PE,7
2025-02-17,PI,6
2025-02-17,PR,54
2025-02-17,RJ,15
2025-02-17,RO,1
2025-02-17,RR,1
2025-02-17,RS,15
2025-02-17,SC,26
2025-02-17,SE,1
2025-02-17,SP,326
2025-02-17,TO,16
2025-02-24,AC,2
2025-02-24,AL,6
2025-02-24,AM,4
2025-02-24,AP,4
2025-02-24,BA,15
2025-02-24,CE,4
2025-02-24,DF,40
2025-02-24,ES,4
2025-02-24,GO,14
2025-02-24,MA,6
2025-02-24,MG,38
2025-02-24,MS,14
2025-02-24,MT,9
2025-02-24,PA,9
2025-02-24,PB,6
2025-02-24,PE,4
2025-02-24,PI,3
2025-02-24,PR,56
2025-02-24,RJ,11
2025-02-24,RO,1
2025-02-24,RR,2
2025-02-24,RS,22
2025-02-24,SC,21
2025-02-24,SE,1
2025-02-24,SP,277
2025-02-24,TO,7
2025-03-03,AM,3
2025-03-03,AP,3
2025-03-03,BA,23
2025-03-03,CE,7
2025-03-03,DF,29
2025-03-03,ES,4
2025-03-03,GO,21
2025-03-03,MA,1
2025-03-03,MG,33
2025-03-03,MS,9
2025-03-03,MT,4
2025-03-03,PA,2
2025-03-03,PB,5
2025-03-03,PE,4
2025-03-03,PI,1
2025-03-03,PR,32
2025-03-03,RJ,5
2025-03-03,RN,1
2025-03-03,RR,1
2025-03-03,RS,17
2025-03-03,SC,10
2025-03-03,SE,2
2025-03-03,SP,176
2025-03-03,TO,2
2025-03-10,AC,2
2025-03-10,AL,4
2025-03-10,AM,3
2025-03-10,BA,18
2025-03-10,CE,4
2025-03-10,DF,35
2025-03-10,ES,5
2025-03-10,GO,14
2025-03-10,MA,2
2025-03-10,MG,21
2025-03-10,MS,7
2025-03-10,PA,3
2025-03-10,PB,4
2025-03-10,PE,3
2025-03-10,PI,3
2025-03-10,PR,27
2025-03-10,RJ,9
2025-03-10,RN,2
2025-03-10,RO,1
2025-03-10,RR,1
2025-03-10,RS,27
2025-03-10,SC,11
2025-03-10,SE,5
2025-03-10,SP,108
2025-03-10,TO,3
2025-03-17,AC,1
2025-03-17,AL,1
2025-03-17,AM,2
2025-03-17,AP,1
2025-03-17,BA,12
2025-03-17,CE,4
2025-03-17,DF,9
2025-03-17,ES,4
2025-03-17,GO,9
2025-03-17,MA,2
2025-03-17,MG,17
2025-03-17,MS,4
2025-03-17,MT,1
2025-03-17,PA,4
2025-03-17,PB,4
2025-03-17,PE,5
2025-03-17,PI,3
2025-03-17,PR,23
2025-03-17,RJ,5
2025-03-17,RN,1
2025-03-17,RO,3
2025-03-17,RR,1
2025-03-17,RS,17
2025-03-17,SC,18
2025-03-17,SE,2
2025-03-17,SP,85
2025-03-17,TO,1
2025-03-24,AL,1
2025-03-24,AM,3
2025-03-24,BA,7
2025-03-24,CE,5
2025-03-24,DF,13
2025-03-24,ES,1
2025-03-24,GO,7
2025-03-24,MA,1
2025-03-24,MG,14
2025-03-24,MS,2
2025-03-24,MT,2
2025-03-24,PA,3
2025-03-24,PB,2
2025-03-24,PE,1
2025-03-24,PR,13
2025-03-24,RJ,1
2025-03-24,RO,2
2025-03-24,RS,17
2025-03-24,SC,9
2025-03-24,SE,1
2025-03-24,SP,57
2025-03-31,AM,2
2025-03-31,BA,2
2025-03-31,CE,2
2025-03-31,DF,12
2025-03-31,ES,3
2025-03-31,GO,6
2025-03-31,MA,1
2025-03-31,MG,17
2025-03-31,MS,8
2025-03-31,MT,2
2025-03-31,PB,1
2025-03-31,PI,3
2025-03-31,PR,7
2025-03-31,RJ,9
2025-03-31,RS,7
2025-03-31,SC,9
2025-03-31,SE,1
2025-03-31,SP,34
2025-03-31,TO,1
2025-04-07,AL,1
2025-04-07,AM,1
2025-04-07,BA,4
2025-04-07,CE,1
2025-04-07,DF,9
2025-04-07,ES,2
2025-04-07,GO,4
2025-04-07,MG,8
2025-04-07,MS,1
2025-04-07,MT,1
2025-04-07,PA,2
2025-04-07,PE,2
2025-04-07,PR,10
2025-04-07,RJ,11
2025-04-07,RN,2
2025-04-07,RO,1
2025-04-07,RR,1
2025-04-07,RS,10
2025-04-07,SC,6
2025-04-07,SP,41
2025-04-14,BA,8
2025-04-14,DF,12
2025-04-14,GO,10
2025-04-14,MA,1
2025-04-14,MG,12
2025-04-14,PA,2
2025-04-14,PB,2
2025-04-14,PE,4
2025-04-14,PR,5
2025-04-14,RJ,7
2025-04-14,RO,1
2025-04-14,RS,3
2025-04-14,SC,8
2025-04-14,SP,49
2025-04-14,TO,2
2025-04-21,AC,2
2025-04-21,AM,1
2025-04-21,BA,7
2025-04-21,CE,3
2025-04-21,DF,10
2025-04-21,ES,3
2025-04-21,GO,6
2025-04-21,MG,16
2025-04-21,MS,2
2025-04-21,PR,6
2025-04-21,RJ,9
2025-04-21,RN,1
2025-04-21,RR,1
2025-04-21,RS,5
2025-04-21,SC,6
2025-04-21,SP,44
2025-04-28,AP,1
2025-04-28,BA,9
2025-04-28,CE,7
2025-04-28,DF,6
2025-04-28,ES,1
2025-04-28,GO,8
2025-04-28,MG,18
2025-04-28,MT,1
2025-04-28,PA,1
2025-04-28,PB,1
2025-04-28,PE,1
2025-04-28,PR,4
2025-04-28,RJ,10
2025-04-28,RS,6
2025-04-28,SC,6
2025-04-28,SP,40
2025-04-28,TO,3
2025-05-05,AC,1
2025-05-05,BA,6
2025-05-05,CE,4
2025-05-05,DF,6
2025-05-05,ES,4
2025-05-05,GO,5
2025-05-05,MG,17
2025-05-05,MS,1
2025-05-05,MT,1
2025-05-05,PA,2
2025-05-05,PB,1
2025-05-05,PE,1
2025-05-05,PR,5
2025-05-05,RJ,7
2025-05-05,RS,7
2025-05-05,SC,8
2025-05-05,SP,53
2025-05-12,AC,2
2025-05-12,AL,1
2025-05-12,AM,3
2025-05-12,BA,4
2025-05-12,CE,5
2025-05-12,DF,9
2025-05-12,ES,1
2025-05-12,GO,7
2025-05-12,MG,24
2025-05-12,MS,1
2025-05-12,PA,2
2025-05-12,PB,1
2025-05-12,PR,6
2025-05-12,RJ,12
2025-05-12,RO,2
2025-05-12,RS,5
2025-05-12,SC,5
2025-05-12,SP,44
2025-05-12,TO,2
2025-05-19,AC,2
2025-05-19,AL,3
2025-05-19,BA,5
2025-05-19,CE,1
2025-05-19,DF,2
2025-05-19,ES,3
2025-05-19,MA,4
2025-05-19,MG,20
2025-05-19,MS,3
2025-05-19,MT,1
2025-05-19,PA,1
2025-05-19,PB,2
2025-05-19,PE,6
2025-05-19,PR,4
2025-05-19,RJ,9
2025-05-19,RO,1
2025-05-19,RS,8
2025-05-19,SC,2
2025-05-19,SP,45
2025-05-19,TO,1
2025-05-26,AC,2
2025-05-26,AP,1
2025-05-26,BA,4
2025-05-26,CE,5
2025-05-26,DF,3
2025-05-26,ES,1
2025-05-26,GO,2
2025-05-26,MA,3
2025-05-26,MG,25
2025-05-26,MS,1
2025-05-26,PA,2
2025-05-26,PE,1
2025-05-26,PR,6
2025-05-26,RJ,15
2025-05-26,RN,1
2025-05-26,RO,1
2025-05-26,RS,3
2025-05-26,SC,3
2025-05-26,SP,37
2025-05-26,TO,1
2025-06-02,AC,4
2025-06-02,AL,1
2025-06-02,AM,2
2025-06-02,BA,2
2025-06-02,CE,7
2025-06-02,DF,2
2025-06-02,GO,4
2025-06-02,MA,3
2025-06-02,MG,14
2025-06-02,MS,1
2025-06-02,MT,2
2025-06-02,PA,1
2025-06-02,PB,2
2025-06-02,PE,2
2025-06-02,PR,7
2025-06-02,RJ,27
2025-06-02,RN,5
2025-06-02,RO,3
2025-06-02,SC,2
2025-06-02,SE,1
2025-06-02,SP,28
2025-06-09,AL,3
2025-06-09,AM,2
2025-06-09,AP,2
2025-06-09,CE,7
2025-06-09,DF,3
2025-06-09,ES,1
2025-06-09,GO,6
2025-06-09,MA,2
2025-06-09,MG,9
2025-06-09,MT,1
2025-06-09,PA,3
2025-06-09,PB,2
2025-06-09,PE,1
2025-06-09,PI,2
2025-06-09,PR,4
2025-06-09,RJ,51
2025-06-09,RN,3
2025-06-09,RO,4
2025-06-09,RS,3
2025-06-09,SP,33
2025-06-09,TO,1
2025-06-16,AC,1
2025-06-16,BA,4
2025-06-16,CE,14
2025-06-16,DF,4
2025-06-16,ES,1
2025-06-16,GO,4
2025-06-16,MA,3
2025-06-16,MG,13
2025-06-16,PA,1
2025-06-16,PE,5
2025-06-16,PR,4
2025-06-16,RJ,39
2025-06-16,RN,6
2025-06-16,RO,3
2025-06-16,RS,3
2025-06-16,SC,4
2025-06-16,SP,24
2025-06-23,AM,1
2025-06-23,BA,7
2025-06-23,CE,17
2025-06-23,DF,4
2025-06-23,GO,2
2025-06-23,MA,3
2025-06-23,MG,9
2025-06-23,MS,3
2025-06-23,PA,1
2025-06-23,PB,2
2025-06-23,PE,3
2025-06-23,PI,1
2025-06-23,PR,2
2025-06-23,RJ,24
2025-06-23,RN,8
2025-06-23,RO,1
2025-06-23,RR,2
2025-06-23,RS,4
2025-06-23,SC,1
2025-06-23,SP,26
2025-06-30,AC,1
2025-06-30,AL,1
2025-06-30,AM,3
2025-06-30,BA,5
2025-06-30,CE,27
2025-06-30,DF,6
2025-06-30,ES,3
2025-06-30,GO,5
2025-06-30,MA,3
2025-06-30,MG,8
2025-06-30,MS,1
2025-06-30,MT,3
2025-06-30,PA,8
2025-06-30,PB,3
2025-06-30,PE,8
2025-06-30,PR,5
2025-06-30,RJ,19
2025-06-30,RN,6
2025-06-30,RO,1
2025-06-30,RS,5
2025-06-30,SC,4
2025-06-30,SP,22
2025-07-07,AC,1
2025-07-07,AL,1
2025-07-07,AM,8
2025-07-07,BA,7
2025-07-07,CE,32
2025-07-07,DF,7
2025-07-07,ES,3
2025-07-07,GO,3
2025-07-07,MA,1
2025-07-07,MG,11
2025-07-07,MS,1
2025-07-07,MT,2
2025-07-07,PA,2
2025-07-07,PB,2
2025-07-07,PE,9
2025-07-07,PI,2
2025-07-07,PR,3
2025-07-07,RJ,22
2025-07-07,RN,9
2025-07-07,RS,4
2025-07-07,SC,5
2025-07-07,SE,2
2025-07-07,SP,32
2025-07-14,AM,8
2025-07-14,AP,1
2025-07-14,BA,4
2025-07-14,CE,38
2025-07-14,DF,3
2025-07-14,ES,2
2025-07-14,GO,5
2025-07-14,MA,2
2025-07-14,MG,10
2025-07-14,PA,7
2025-07-14,PB,8
2025-07-14,PE,6
2025-07-14,PR,13
2025-07-14,RJ,41
2025-07-14,RN,4
2025-07-14,RO,1
2025-07-14,RR,1
2025-07-14,RS,6
2025-07-14,SC,3
2025-07-14,SP,39
2025-07-14,TO,1
2025-07-21,AL,2
2025-07-21,AM,9
2025-07-21,AP,5
2025-07-21,BA,10
2025-07-21,CE,26
2025-07-21,DF,7
2025-07-21,ES,5
2025-07-21,GO,5
2025-07-21,MA,5
2025-07-21,MG,18
2025-07-21,MS,7
2025-07-21,MT,4
2025-07-21,PA,4
2025-07-21,PB,15
2025-07-21,PE,5
2025-07-21,PI,4
2025-07-21,PR,12
2025-07-21,RJ,48
2025-07-21,RN,9
2025-07-21,RR,3
2025-07-21,RS,7
2025-07-21,SC,4
2025-07-21,SE,1
2025-07-21,SP,43
2025-07-21,TO,2
2025-07-28,AL,3
2025-07-28,AM,9
2025-07-28,BA,15
2025-07-28,CE,34
2025-07-28,DF,9
2025-07-28,ES,2
2025-07-28,GO,7
2025-07-28,MA,3
2025-07-28,MG,15
2025-07-28,MS,1
2025-07-28,MT,2
2025-07-28,PA,6
2025-07-28,PB,12
2025-07-28,PE,6
2025-07-28,PI,4
2025-07-28,PR,13
2025-07-28,RJ,35
2025-07-28,RN,14
2025-07-28,RR,3
2025-07-28,RS,10
2025-07-28,SC,5
2025-07-28,SP,50
2025-08-04,AC,1
2025-08-04,AL,1
2025-08-04,AM,16
2025-08-04,AP,6
2025-08-04,BA,12
2025-08-04,CE,25
2025-08-04,DF,20
2025-08-04,ES,5
2025-08-04,GO,14
2025-08-04,MA,6
2025-08-04,MG,27
2025-08-04,MS,1
2025-08-04,MT,8
2025-08-04,PA,8
2025-08-04,PB,17
2025-08-04,PE,2
2025-08-04,PI,10
2025-08-04,PR,18
2025-08-04,RJ,61
2025-08-04,RN,1
2025-08-04,RO,2
2025-08-04,RR,2
2025-08-04,RS,10
2025-08-04,SC,8
2025-08-04,SE,1
2025-08-04,SP,67
2025-08-04,TO,4
2025-08-11,AC,2
2025-08-11,AL,4
2025-08-11,AM,12
2025-08-11,AP,4
2025-08-11,BA,18
2025-08-11,CE,14
2025-08-11,DF,14
2025-08-11,ES,2
2025-08-11,GO,25
2025-08-11,MA,5
2025-08-11,MG,34
2025-08-11,MS,8
2025-08-11,MT,13
2025-08-11,PA,17
2025-08-11,PB,16
2025-08-11,PE,3
2025-08-11,PI,10
2025-08-11,PR,24
2025-08-11,RJ,73
2025-08-11,RN,4
2025-08-11,RO,5
2025-08-11,RR,3
2025-08-11,RS,7
2025-08-11,SC,14
2025-08-11,SE,2
2025-08-11,SP,94
2025-08-11,TO,2
2025-08-18,AC,1
2025-08-18,AL,2
2025-08-18,AM,9
2025-08-18,AP,2
2025-08-18,BA,19
2025-08-18,CE,11
2025-08-18,DF,26
2025-08-18,ES,7
2025-08-18,GO,40
2025-08-18,MA,2
2025-08-18,MG,62
2025-08-18,MS,11
2025-08-18,MT,10
2025-08-18,PA,12
2025-08-18,PB,18
2025-08-18,PI,10
2025-08-18,PR,42
2025-08-18,RJ,59
2025-08-18,RN,1
2025-08-18,RO,4
2025-08-18,RR,4
2025-08-18,RS,15
2025-08-18,SC,18
2025-08-18,SE,6
2025-08-18,SP,116
2025-08-18,TO,4
2025-08-25,AL,3
2025-08-25,AM,10
2025-08-25,AP,4
2025-08-25,BA,16
2025-08-25,CE,6
2025-08-25,DF,32
2025-08-25,ES,10
2025-08-25,GO,32
2025-08-25,MA,2
2025-08-25,MG,65
2025-08-25,MS,15
2025-08-25,MT,5
2025-08-25,PA,12
2025-08-25,PB,11
2025-08-25,PE,6
2025-08-25,PI,8
2025-08-25,PR,47
2025-08-25,RJ,40
2025-08-25,RN,1
2025-08-25,RO,2
2025-08-25,RR,1
2025-08-25,RS,24
2025-08-25,SC,14
2025-08-25,SE,1
2025-08-25,SP,111
2025-08-25,TO,4
2025-09-01,AC,5
2025-09-01,AL,6
2025-09-01,AM,4
2025-09-01,BA,27
2025-09-01,CE,8
2025-09-01,DF,32
2025-09-01,ES,7
2025-09-01,GO,51
2025-09-01,MG,63
2025-09-01,MS,15
2025-09-01,MT,10
2025-09-01,PA,5
2025-09-01,PB,4
2025-09-01,PE,6
2025-09-01,PI,4
2025-09-01,PR,49
2025-09-01,RJ,32
2025-09-01,RN,1
2025-09-01,RO,4
2025-09-01,RR,1
2025-09-01,RS,22
2025-09-01,SC,16
2025-09-01,SE,2
2025-09-01,SP,112
2025-09-01,TO,2
2025-09-08,AC,7
2025-09-08,AL,2
2025-09-08,AM,9
2025-09-08,AP,1
2025-09-08,BA,20
2025-09-08,CE,1
2025-09-08,DF,37
2025-09-08,ES,4
2025-09-08,GO,25
2025-09-08,MA,3
2025-09-08,MG,74
2025-09-08,MS,9
2025-09-08,MT,10
2025-09-08,PA,3
2025-09-08,PB,6
2025-09-08,PE,4
2025-09-08,PI,2
2025-09-08,PR,51
2025-09-08,RJ,30
2025-09-08,RN,2
2025-09-08,RO,4
2025-09-08,RR,1
2025-09-08,RS,24
2025-09-08,SC,18
2025-09-08,SE,3
2025-09-08,SP,111
2025-09-08,TO,1
2025-09-15,AC,4
2025-09-15,AL,3
2025-09-15,AM,3
2025-09-15,AP,2
2025-09-15,BA,22
2025-09-15,CE,4
2025-09-15,DF,27
2025-09-15,ES,8
2025-09-15,GO,37
2025-09-15,MA,1
2025-09-15,MG,53
2025-09-15,MS,10
2025-09-15,MT,9
2025-09-15,PA,2
2025-09-15,PB,4
2025-09-15,PR,37
2025-09-15,RJ,34
2025-09-15,RN,2
2025-09-15,RO,1
2025-09-15,RS,38
2025-09-15,SC,27
2025-09-15,SE,8
2025-09-15,SP,139
2025-09-15,TO,3
2025-09-22,AC,2
2025-09-22,AM,1
2025-09-22,AP,1
2025-09-22,BA,19
2025-09-22,CE,1
2025-09-22,DF,14
2025-09-22,ES,3
2025-09-22,GO,22
2025-09-22,MA,1
2025-09-22,MG,57
2025-09-22,MS,6
2025-09-22,MT,7
2025-09-22,PA,2
2025-09-22,PB,2
2025-09-22,PR,62
2025-09-22,RJ,33
2025-09-22,RO,1
2025-09-22,RS,45
2025-09-22,SC,24
2025-09-22,SE,1
2025-09-22,SP,110
2025-09-22,TO,3
2025-09-29,AC,3
2025-09-29,AL,1
2025-09-29,AM,3
2025-09-29,BA,29
2025-09-29,CE,1
2025-09-29,DF,8
2025-09-29,ES,5
2025-09-29,GO,24
2025-09-29,MG,70
2025-09-29,MS,3
2025-09-29,MT,6
2025-09-29,PA,3
2025-09-29,PB,2
2025-09-29,PR,53
2025-09-29,RJ,10
2025-09-29,RO,1
2025-09-29,RR,2
2025-09-29,RS,53
2025-09-29,SC,21
2025-09-29,SE,4
2025-09-29,SP,124
2025-09-29,TO,1
2025-10-06,AC,1
2025-10-06,BA,16
2025-10-06,DF,10
2025-10-06,ES,7
2025-10-06,GO,18
2025-10-06,MG,47
2025-10-06,MS,2
2025-10-06,MT,10
2025-10-06,PA,1
2025-10-06,PE,1
2025-10-06,PI,1
2025-10-06,PR,52
2025-10-06,RJ,18
2025-10-06,RR,7
2025-10-06,RS,46
2025-10-06,SC,24
2025-10-06,SE,1
2025-10-06,SP,112
2025-10-13,AC,2
2025-10-13,AL,1
2025-10-13,BA,25
2025-10-13,CE,1
2025-10-13,DF,9
2025-10-13,ES,3
2025-10-13,GO,9
2025-10-13,MG,51
2025-10-13,MS,5
2025-10-13,MT,6
2025-10-13,PA,2
2025-10-13,PE,1
2025-10-13,PI,1
2025-10-13,PR,54
2025-10-13,RJ,13
2025-10-13,RO,1
2025-10-13,RS,47
2025-10-13,SC,18
2025-10-13,SE,1
2025-10-13,SP,125
2025-10-13,TO,1
2025-10-20,AC,4
2025-10-20,AL,1
2025-10-20,BA,10
2025-10-20,CE,1
2025-10-20,DF,9
2025-10-20,ES,2
2025-10-20,GO,8
2025-10-20,MG,41
2025-10-20,MS,11
2025-10-20,MT,1
2025-10-20,PE,9
2025-10-20,PR,62
2025-10-20,RJ,7
2025-10-20,RO,1
2025-10-20,RS,28
2025-10-20,SC,16
2025-10-20,SE,1
2025-10-20,SP,150
2025-10-27,AC,1
2025-10-27,AL,1
2025-10-27,AM,1
2025-10-27,BA,12
2025-10-27,CE,1
2025-10-27,DF,5
2025-10-27,ES,4
2025-10-27,GO,13
2025-10-27,MG,42
2025-10-27,MS,10
2025-10-27,MT,2
2025-10-27,PR,67
2025-10-27,RJ,4
2025-10-27,RS,34
2025-10-27,SC,22
2025-10-27,SE,2
2025-10-27,SP,125
2025-10-27,TO,1
2025-11-03,AC,8
2025-11-03,AL,2
2025-11-03,BA,16
2025-11-03,DF,11
2025-11-03,ES,3
2025-11-03,GO,9
2025-11-03,MG,44
2025-11-03,MS,8
2025-11-03,MT,4
2025-11-03,PA,1
2025-11-03,PR,55
2025-11-03,RJ,8
2025-11-03,RO,1
2025-11-03,RS,22
2025-11-03,SC,23
2025-11-03,SE,1
2025-11-03,SP,124
2025-11-10,AC,3
2025-11-10,AM,1
2025-11-10,BA,9
2025-11-10,CE,1
2025-11-10,DF,7
2025-11-10,GO,5
2025-11-10,MG,44
2025-11-10,MS,6
2025-11-10,MT,6
2025-11-10,PA,2
2025-11-10,PB,2
2025-11-10,PR,61
2025-11-10,RJ,7
2025-11-10,RO,1
2025-11-10,RR,1
2025-11-10,RS,30
2025-11-10,SC,15
2025-11-10,SE,1
2025-11-10,SP,130
2025-11-17,AC,1
2025-11-17,BA,8
2025-11-17,DF,6
2025-11-17,ES,1
2025-11-17,GO,3
2025-11-17,MG,43
2025-11-17,MS,3
2025-11-17,MT,3
2025-11-17,PA,1
2025-11-17,PE,1
2025-11-17,PR,50
2025-11-17,RJ,11
2025-11-17,RR,1
2025-11-17,RS,16
2025-11-17,SC,14
2025-11-17,SP,122
2025-11-24,AC,4
2025-11-24,BA,6
2025-11-24,DF,4
2025-11-24,ES,1
2025-11-24,GO,3
2025-11-24,MA,2
2025-11-24,MG,29
2025-11-24,MS,3
2025-11-24,MT,4
2025-11-24,PB,1
2025-11-24,PE,2
2025-11-24,PR,54
2025-11-24,RJ,5
2025-11-24,RO,2
2025-11-24,RR,1
2025-11-24,RS,21
2025-11-24,SC,10
2025-11-24,SP,110
2025-12-01,AC,2
2025-12-01,AP,1
2025-12-01,BA,11
2025-12-01,DF,3
2025-12-01,ES,4
2025-12-01,GO,4
2025-12-01,MG,38
2025-12-01,MS,11
2025-12-01,MT,2
2025-12-01,PA,2
2025-12-01,PB,1
2025-12-01,PR,41
2025-12-01,RJ,7
2025-12-01,RS,14
2025-12-01,SC,14
2025-12-01,SE,2
2025-12-01,SP,101
2025-12-01,TO,1
2025-12-08,AC,3
2025-12-08,AM,3
2025-12-08,BA,10
2025-12-08,DF,12
2025-12-08,ES,4
2025-12-08,GO,9
2025-12-08,MA,2
2025-12-08,MG,49
2025-12-08,MS,1
2025-12-08,MT,1
2025-12-08,PE,2
2025-12-08,PR,50
2025-12-08,RJ,5
2025-12-08,RS,13
2025-12-08,SC,9
2025-12-08,SP,91
2025-12-15,AC,4
2025-12-15,BA,9
2025-12-15,CE,1
2025-12-15,DF,10
2025-12-15,GO,3
2025-12-15,MG,28
2025-12-15,MS,4
2025-12-15,MT,5
2025-12-15,PE,2
2025-12-15,PR,34
2025-12-15,RJ,9
2025-12-15,RS,7
2025-12-15,SC,11
2025-12-15,SP,83
2025-12-22,AC,5
2025-12-22,BA,6
2025-12-22,DF,2
2025-12-22,ES,1
2025-12-22,GO,4
2025-12-22,MA,1
2025-12-22,MG,39
2025-12-22,MS,3
2025-12-22,MT,5
2025-12-22,PB,1
2025-12-22,PE,4
2025-12-22,PR,22
2025-12-22,RJ,8
2025-12-22,RO,1
2025-12-22,RR,1
2025-12-22,RS,14
2025-12-22,SC,13
2025-12-22,SP,93
2025-12-22,TO,1
2025-12-29,AC,2
2025-12-29,AL,1
2025-12-29,AM,1
2025-12-29,BA,5
2025-12-29,DF,5
2025-12-29,GO,7
2025-12-29,MA,1
2025-12-29,MG,37
2025-12-29,MS,6
2025-12-29,MT,4
2025-12-29,PA,1
2025-12-29,PE,1
2025-12-29,PI,1
2025-12-29,PR,47
2025-12-29,RJ,19
2025-12-29,RO,2
2025-12-29,RS,16
2025-12-29,SC,11
2025-12-29,SP,72
2026-01-05,AC,4
2026-01-05,AM,1
2026-01-05,BA,5
2026-01-05,CE,1
2026-01-05,DF,7
2026-01-05,ES,4
2026-01-05,GO,6
2026-01-05,MG,35
2026-01-05,MS,2
2026-01-05,MT,3
2026-01-05,PA,3
2026-01-05,PR,32
2026-01-05,RJ,15
2026-01-05,RO,1
2026-01-05,RR,2
2026-01-05,RS,25
2026-01-05,SC,8
2026-01-05,SP,102
2026-01-12,AC,5
2026-01-12,AL,1
2026-01-12,AM,1
2026-01-12,BA,14
2026-01-12,CE,1
2026-01-12,DF,10
2026-01-12,ES,3
2026-01-12,GO,9
2026-01-12,MG,36
2026-01-12,MS,2
2026-01-12,MT,3
2026-01-12,PE,1
2026-01-12,PR,24
2026-01-12,RJ,18
2026-01-12,RN,1
2026-01-12,RO,1
2026-01-12,RS,25
2026-01-12,SC,6
2026-01-12,SE,1
2026-01-12,SP,88
2026-01-19,AC,3
2026-01-19,AM,1
2026-01-19,BA,10
2026-01-19,DF,7
2026-01-19,ES,3
2026-01-19,GO,3
2026-01-19,MG,25
2026-01-19,MS,9
2026-01-19,MT,1
2026-01-19,PA,2
2026-01-19,PB,1
2026-01-19,PE,3
2026-01-19,PR,23
2026-01-19,RJ,29
2026-01-19,RN,3
2026-01-19,RO,3
2026-01-19,RS,21
2026-01-19,SC,10
2026-01-19,SP,104
2026-01-19,TO,1
2026-01-26,AL,4
2026-01-26,AM,1
2026-01-26,BA,12
2026-01-26,CE,1
2026-01-26,DF,8
2026-01-26,ES,1
2026-01-26,GO,8
2026-01-26,MG,31
2026-01-26,MS,5
2026-01-26,MT,4
2026-01-26,PA,3
2026-01-26,PB,2
2026-01-26,PE,2
2026-01-26,PR,18
2026-01-26,RJ,19
2026-01-26,RO,2
2026-01-26,RS,19
2026-01-26,SC,17
2026-01-26,SP,76
2026-02-02,AL,1
2026-02-02,BA,7
2026-02-02,CE,1
2026-02-02,DF,5
2026-02-02,ES,1
2026-02-02,GO,5
2026-02-02,MG,20
2026-02-02,MS,6
2026-02-02,MT,3
2026-02-02,PA,1
2026-02-02,PB,2
2026-02-02,PE,2
2026-02-02,PR,23
2026-02-02,RJ,23
2026-02-02,RN,2
2026-02-02,RO,1
2026-02-02,RS,17
2026-02-02,SC,18
2026-02-02,SE,1
2026-02-02,SP,77
2026-02-02,TO,1
2026-02-09,AC,1
2026-02-09,BA,4
2026-02-09,CE,3
2026-02-09,DF,5
2026-02-09,GO,5
2026-02-09,MG,22
2026-02-09,MS,3
2026-02-09,MT,4
2026-02-09,PA,1
2026-02-09,PB,4
2026-02-09,PE,3
2026-02-09,PR,25
2026-02-09,RJ,34
2026-02-09,RN,1
2026-02-09,RO,1
2026-02-09,RS,25
2026-02-09,SC,13
2026-02-09,SP,107
2026-02-09,TO,2
2026-02-16,BA,3
2026-02-16,CE,5
2026-02-16,DF,3
2026-02-16,ES,2
2026-02-16,GO,7
2026-02-16,MG,28
2026-02-16,MS,5
2026-02-16,MT,4
2026-02-16,PA,2
2026-02-16,PB,2
2026-02-16,PE,3
2026-02-16,PR,29
2026-02-16,RJ,62
2026-02-16,RN,1
2026-02-16,RO,1
2026-02-16,RS,22
2026-02-16,SC,16
2026-02-16,SE,1
2026-02-16,SP,112
2026-02-23,AC,1
2026-02-23,AL,1
2026-02-23,BA,11
2026-02-23,CE,4
2026-02-23,DF,3
2026-02-23,ES,4
2026-02-23,GO,4
2026-02-23,MA,2
2026-02-23,MG,30
2026-02-23,MS,4
2026-02-23,MT,3
2026-02-23,PB,4
2026-02-23,PE,4
2026-02-23,PR,27
2026-02-23,RJ,52
2026-02-23,RN,1
2026-02-23,RO,1
2026-02-23,RS,29
2026-02-23,SC,17
2026-02-23,SE,3
2026-02-23,SP,104
2026-03-02,AL,2
2026-03-02,AM,1
2026-03-02,BA,3
2026-03-02,CE,5
2026-03-02,DF,4
2026-03-02,ES,3
2026-03-02,GO,4
2026-03-02,MG,33
2026-03-02,MS,3
2026-03-02,MT,1
2026-03-02,PA,1
2026-03-02,PB,6
2026-03-02,PE,3
2026-03-02,PR,28
2026-03-02,RJ,43
2026-03-02,RO,3
2026-03-02,RS,19
2026-03-02,SC,16
2026-03-02,SE,1
2026-03-02,SP,81
2026-03-02,TO,1
2026-03-09,AL,2
2026-03-09,BA,8
2026-03-09,CE,5
2026-03-09,DF,4
2026-03-09,ES,4
2026-03-09,GO,1
2026-03-09,MA,1
2026-03-09,MG,19
2026-03-09,MT,2
2026-03-09,PA,3
2026-03-09,PB,2
2026-03-09,PE,6
2026-03-09,PR,18
2026-03-09,RJ,45
2026-03-09,RN,2
2026-03-09,RR,2
2026-03-09,RS,26
2026-03-09,SC,18
2026-03-09,SP,63
2026-03-09,TO,1
2026-03-16,AL,4
2026-03-16,AM,1
2026-03-16,BA,10
2026-03-16,CE,4
2026-03-16,DF,6
2026-03-16,ES,3
2026-03-16,GO,2
2026-03-16,MG,17
2026-03-16,MS,1
2026-03-16,MT,4
2026-03-16,PA,1
2026-03-16,PB,2
2026-03-16,PE,2
2026-03-16,PR,11
2026-03-16,RJ,25
2026-03-16,RN,3
2026-03-16,RO,1
2026-03-16,RR,1
2026-03-16,RS,17
2026-03-16,SC,13
2026-03-16,SE,1
2026-03-16,SP,50
2026-03-16,TO,2
2026-03-23,AL,1
2026-03-23,BA,10
2026-03-23,CE,5
2026-03-23,DF,1
2026-03-23,ES,2
2026-03-23,GO,3
2026-03-23,MA,1
2026-03-23,MG,19
2026-03-23,MT,4
2026-03-23,PB,4
2026-03-23,PE,1
2026-03-23,PI,1
2026-03-23,PR,3
2026-03-23,RJ,11
2026-03-23,RN,5
2026-03-23,RR,1
2026-03-23,RS,21
2026-03-23,SC,16
2026-03-23,SE,3
2026-03-23,SP,32
2026-03-30,AC,1
2026-03-30,AM,2
2026-03-30,BA,3
2026-03-30,CE,9
2026-03-30,DF,3
2026-03-30,ES,2
2026-03-30,GO,3
2026-03-30,MA,6
2026-03-30,MG,14
2026-03-30,MS,1
2026-03-30,MT,1
2026-03-30,PA,3
2026-03-30,PB,5
2026-03-30,PE,1
2026-03-30,PR,7
2026-03-30,RJ,15
2026-03-30,RN,3
2026-03-30,RO,1
2026-03-30,RR,1
2026-03-30,RS,10
2026-03-30,SC,6
2026-03-30,SE,2
2026-03-30,SP,35
2026-03-30,TO,1
2026-04-06,AL,4
2026-04-06,CE,18
2026-04-06,DF,3
2026-04-06,ES,2
2026-04-06,GO,4
2026-04-06,MA,6
2026-04-06,MG,9
2026-04-06,PA,4
2026-04-06,PB,1
2026-04-06,PE,1
2026-04-06,PR,4
2026-04-06,RJ,7
2026-04-06,RN,4
2026-04-06,RO,1
2026-04-06,RS,9
2026-04-06,SC,8
2026-04-06,SP,28
2026-04-06,TO,1
2026-04-13,AL,2
2026-04-13,AM,1
2026-04-13,BA,5
2026-04-13,CE,16
2026-04-13,DF,1
2026-04-13,ES,3
2026-04-13,GO,2
2026-04-13,MA,8
2026-04-13,MG,6
2026-04-13,PA,1
2026-04-13,PB,4
2026-04-13,PE,3
2026-04-13,PR,11
2026-04-13,RJ,9
2026-04-13,RN,1
2026-04-13,RO,2
2026-04-13,RR,1
2026-04-13,RS,7
2026-04-13,SC,11
2026-04-13,SE,1
2026-04-13,SP,23
2026-04-13,TO,1
2026-04-20,BA,4
2026-04-20,CE,18
2026-04-20,DF,4
2026-04-20,ES,1
2026-04-20,GO,5
2026-04-20,MA,4
2026-04-20,MG,16
2026-04-20,MS,1
2026-04-20,MT,1
2026-04-20,PA,3
2026-04-20,PB,2
2026-04-20,PE,3
2026-04-20,PI,1
2026-04-20,PR,7
2026-04-20,RJ,1
2026-04-20,RN,4
2026-04-20,RO,3
2026-04-20,RS,8
2026-04-20,SC,5
2026-04-20,SE,2
2026-04-20,SP,16
2026-04-27,AC,2
2026-04-27,BA,2
2026-04-27,CE,18
2026-04-27,DF,3
2026-04-27,ES,3
2026-04-27,GO,3
2026-04-27,MA,4
2026-04-27,MG,4
2026-04-27,MT,1
2026-04-27,PA,5
2026-04-27,PB,4
2026-04-27,PE,5
2026-04-27,PI,1
2026-04-27,PR,6
2026-04-27,RJ,4
2026-04-27,RN,2
2026-04-27,RS,8
2026-04-27,SC,2
2026-04-27,SP,10
2026-05-04,AM,1
2026-05-04,AP,1
2026-05-04,BA,2
2026-05-04,CE,14
2026-05-04,DF,4
2026-05-04,GO,2
2026-05-04,MA,5
2026-05-04,MG,12
2026-05-04,MT,1
2026-05-04,PA,7
2026-05-04,PB,3
2026-05-04,PE,4
2026-05-04,PR,1
2026-05-04,RJ,5
2026-05-04,RN,3
2026-05-04,RS,8
2026-05-04,SC,1
2026-05-04,SP,8
2026-05-11,CE,25
2026-05-11,DF,1
2026-05-11,GO,5
2026-05-11,MA,4
2026-05-11,MG,10
2026-05-11,PA,11
2026-05-11,PB,4
2026-05-11,PE,1
2026-05-11,PR,6
2026-05-11,RJ,6
2026-05-11,RN,3
2026-05-11,RS,9
2026-05-11,SC,1
2026-05-11,SE,2
2026-05-11,SP,10
2026-05-11,TO,1
2026-05-18,AL,1
2026-05-18,BA,2
2026-05-18,CE,17
2026-05-18,DF,2
2026-05-18,GO,6
2026-05-18,MA,2
2026-05-18,MG,4
2026-05-18,MS,1
2026-05-18,PA,10
2026-05-18,PB,4
2026-05-18,PE,1
2026-05-18,PI,3
2026-05-18,PR,8
2026-05-18,RJ,2
2026-05-18,RN,1
2026-05-18,RR,1
2026-05-18,RS,2
2026-05-18,SC,3
2026-05-18,SE,2
2026-05-18,SP,18
2026-05-18,TO,2
2026-05-25,AM,4
2026-05-25,BA,2
2026-05-25,CE,11
2026-05-25,DF,4
2026-05-25,ES,2
2026-05-25,GO,2
2026-05-25,MA,3
2026-05-25,MG,8
2026-05-25,MT,1
2026-05-25,PA,11
2026-05-25,PB,4
2026-05-25,PE,1
2026-05-25,PR,5
2026-05-25,RJ,2
2026-05-25,RN,2
2026-05-25,RS,2
2026-05-25,SC,2
2026-05-25,SE,1
2026-05-25,SP,8
2026-06-01,AL,1
2026-06-01,AM,4
2026-06-01,BA,2
2026-06-01,CE,21
2026-06-01,DF,3
2026-06-01,GO,3
2026-06-01,MA,6
2026-06-01,MG,9
2026-06-01,MS,1
2026-06-01,PA,15
2026-06-01,PB,3
2026-06-01,PI,1
2026-06-01,PR,4
2026-06-01,RJ,1
2026-06-01,RN,1
2026-06-01,RS,3
2026-06-01,SC,5
2026-06-01,SP,13
2026-06-08,AL,3
2026-06-08,AM,2
2026-06-08,AP,1
2026-06-08,BA,3
2026-06-08,CE,12
2026-06-08,DF,2
2026-06-08,GO,6
2026-06-08,MA,3
2026-06-08,MG,13
2026-06-08,PA,17
2026-06-08,PB,6
2026-06-08,PI,4
2026-06-08,PR,3
2026-06-08,RJ,2
2026-06-08,RO,1
2026-06-08,RS,3
2026-06-08,SC,5
2026-06-08,SE,1
2026-06-08,SP,20
2026-06-08,TO,1
2026-06-15,AL,1
2026-06-15,AM,9
2026-06-15,AP,1
2026-06-15,BA,1
2026-06-15,CE,10
2026-06-15,DF,2
2026-06-15,GO,3
2026-06-15,MA,3
2026-06-15,MG,6
2026-06-15,PA,9
2026-06-15,PB,4
2026-06-15,PE,1
2026-06-15,PI,1
2026-06-15,PR,8
2026-06-15,RJ,7
2026-06-15,RN,2
2026-06-15,RS,3
2026-06-15,SC,2
2026-06-15,SP,11
2026-06-22,AL,3
2026-06-22,AM,2
2026-06-22,AP,2
2026-06-22,BA,3
2026-06-22,CE,2
2026-06-22,DF,3
2026-06-22,GO,1
2026-06-22,MA,1
2026-06-22,MG,3
2026-06-22,MT,2
2026-06-22,PA,4
2026-06-22,PB,2
2026-06-22,PE,1
2026-06-22,PI,1
2026-06-22,PR,4
2026-06-22,RJ,6
2026-06-22,RN,1
2026-06-22,RS,2
2026-06-22,SC,1
2026-06-22,SP,13
2026-06-29,AL,1
2026-06-29,AM,5
2026-06-29,AP,1
2026-06-29,BA,1
2026-06-29,CE,5
2026-06-29,DF,5
2026-06-29,GO,4
2026-06-29,MG,8
2026-06-29,MT,1
2026-06-29,PA,4
2026-06-29,PB,4
2026-06-29,PE,1
2026-06-29,PI,1
2026-06-29,PR,1
2026-06-29,RJ,5
2026-06-29,RN,1
2026-06-29,RR,2
2026-06-29,SC,2
2026-06-29,SE,1
2026-06-29,SP,10
2026-07-06,AC,1
2026-07-06,AL,1
2026-07-06,AM,5
2026-07-06,AP,1
2026-07-06,BA,3
2026-07-06,CE,2
2026-07-06,DF,5
2026-07-06,GO,3
2026-07-06,MA,1
2026-07-06,MG,2
2026-07-06,MT,1
2026-07-06,PA,3
2026-07-06,PB,4
2026-07-06,PE,1
2026-07-06,PR,3
2026-07-06,RJ,2
2026-07-06,RO,1
2026-07-06,RR,2
2026-07-06,RS,4
2026-07-06,SC,4
2026-07-06,SP,7
2026-07-13,AM,3
2026-07-13,AP,2
2026-07-13,BA,8
2026-07-13,CE,1
2026-07-13,DF,3
2026-07-13,GO,2
2026-07-13,MA,3
2026-07-13,MG,4
2026-07-13,MS,1
2026-07-13,PA,2
2026-07-13,PB,2
2026-07-13,PE,4
2026-07-13,PR,1
2026-07-13,RJ,1
2026-07-13,RO,1
2026-07-13,RR,1
2026-07-13,RS,4
2026-07-13,SE,1
2026-07-13,SP,6
2026-07-20,AL,1
2026-07-20,AM,6
2026-07-20,AP,2
2026-07-20,BA,2
2026-07-20,CE,3
2026-07-20,DF,1
2026-07-20,GO,4
2026-07-20,MA,1
2026-07-20,MG,1
2026-07-20,MS,1
2026-07-20,PA,4
2026-07-20,PB,1
2026-07-20,PI,3
2026-07-20,PR,1
2026-07-20,RJ,4
2026-07-20,RR,2
2026-07-20,RS,1
2026-07-20,SC,2
2026-07-20,SP,8
2026-07-20,TO,1
2026-07-27,AL,1
2026-07-27,AM,1
2026-07-27,AP,2
2026-07-27,GO,1
2026-07-27,MG,2
2026-07-27,MT,1
2026-07-27,PA,2
2026-07-27,PB,1
2026-07-27,PR,1
2026-07-27,SC,1
2026-07-27,SP,8
2026-08-03,AC,2
2026-08-03,CE,2
2026-08-03,ES,1
2026-08-03,GO,2
2026-08-03,MG,3
2026-08-03,MT,1
2026-08-03,PI,1
2026-08-03,PR,2
2026-08-03,RJ,1
2026-08-03,RR,2
2026-08-03,RS,2
2026-08-03,SC,2
2026-08-03,SP,2
2026-08-10,BA,1
2026-08-10,DF,2
2026-08-10,GO,1
2026-08-10,MG,1
2026-08-10,PA,1
2026-08-10,PR,1
2026-08-10,RJ,1
2026-08-10,SP,6
2026-08-17,DF,1
2026-08-17,GO,1
2026-08-17,SP,1
